sec,nsec,accx,accy,accz,velx,vely,velz,pos,poy,posz,quatx,quaty,quatz,quatw
0,0,0,0,0,0,0,0,0,0,0,0,0,0
1,0,0,0,0,0,0,0,0,0,0,0,0,0
2,0,0,0,0,0,0,0,0,0,0,0,0,0
3,0,0,0,0,0,0,0,0,0,0,0,0,0
4,0,0,0,0,0,0,0,0,0,0,0,0,0
5,0,0,0,0,0,0,0,0,0,0,0,0,0
6,0,0,0,0,0,0,0,0,0,0,0,0,0
7,0,0,0,0,0,0,0,0,0,0,0,0,0
8,0,0,0,0,0,0,0,0,0,0,0,0,0
9,0,0,0,0,0,0,0,0,0,0,0,0,0
10,0,0,0,0,0,0,0,0,0,0,0,0,0
11,0,0,0,0,0,0,0,0,0,0,0,0,0
12,0,0,0,0,0,0,0,0,0,0,0,0,0
13,0,0,0,0,0,0,0,0,0,0,0,0,0
14,0,0,0,0,0,0,0,0,0,0,0,0,0
15,0,0,0,0,0,0,0,0,0,0,0,0,0
16,0,0,0,0,0,0,0,0,0,0,0,0,0
17,0,0,0,0,0,0,0,0,0,0,0,0,0
18,0,0,0,0,0,0,0,0,0,0,0,0,0
19,0,0,0,0,0,0,0,0,0,0,0,0,0
20,0,0,0,0,0,0,0,0,0,0,0,0,0
21,0,0,0,0,0,0,0,0,0,0,0,0,0
22,0,0,0,0,0,0,0,0,0,0,0,0,0
23,0,0,0,0,0,0,0,0,0,0,0,0,0
24,0,0,0,0,0,0,0,0,0,0,0,0,0
25,0,0,0,0,0,0,0,0,0,0,0,0,0
26,0,0,0,0,0,0,0,0,0,0,0,0,0
27,0,0,0,0,0,0,0,0,0,0,0,0,0
28,0,0,0,0,0,0,0,0,0,0,0,0,0
29,0,0,0,0,0,0,0,0,0,0,0,0,0
30,0,0,0,0,0,0,0,0,0,0,0,0,0
31,0,0,0,0,0,0,0,0,0,0,0,0,0
32,0,0,0,0,0,0,0,0,0,0,0,0,0
33,0,0,0,0,0,0,0,0,0,0,0,0,0
34,0,0,0,0,0,0,0,0,0,0,0,0,0
35,0,0,0,0,0,0,0,0,0,0,0,0,0
36,0,0,0,0,0,0,0,0,0,0,0,0,0
37,0,0,0,0,0,0,0,0,0,0,0,0,0
38,0,0,0,0,0,0,0,0,0,0,0,0,0
39,0,0,0,0,0,0,0,0,0,0,0,0,0
40,0,0,0,0,0,0,0,0,0,0,0,0,0
41,0,0,0,0,0,0,0,0,0,0,0,0,0
42,0,0,0,0,0,0,0,0,0,0,0,0,0
43,0,0,0,0,0,0,0,0,0,0,0,0,0
44,0,0,0,0,0,0,0,0,0,0,0,0,0
45,0,0,0,0,0,0,0,0,0,0,0,0,0
46,0,0,0,0,0,0,0,0,0,0,0,0,0
47,0,0,0,0,0,0,0,0,0,0,0,0,0
48,0,0,0,0,0,0,0,0,0,0,0,0,0
49,0,0,0,0,0,0,0,0,0,0,0,0,0
50,0,0,0,0,0,0,0,0,0,0,0,0,0
51,0,0,0,0,0,0,0,0,0,0,0,0,0
52,0,0,0,0,0,0,0,0,0,0,0,0,0
53,0,0,0,0,0,0,0,0,0,0,0,0,0
54,0,0,0,0,0,0,0,0,0,0,0,0,0
55,0,0,0,0,0,0,0,0,0,0,0,0,0
56,0,0,0,0,0,0,0,0,0,0,0,0,0
57,0,0,0,0,0,0,0,0,0,0,0,0,0
58,0,0,0,0,0,0,0,0,0,0,0,0,0
59,0,0,0,0,0,0,0,0,0,0,0,0,0
60,0,0,0,0,0,0,0,0,0,0,0,0,0
61,0,0,0,0,0,0,0,0,0,0,0,0,0
62,0,0,0,0,0,0,0,0,0,0,0,0,0
63,0,0,0,0,0,0,0,0,0,0,0,0,0
64,0,0,0,0,0,0,0,0,0,0,0,0,0
65,0,0,0,0,0,0,0,0,0,0,0,0,0
66,0,0,0,0,0,0,0,0,0,0,0,0,0
67,0,0,0,0,0,0,0,0,0,0,0,0,0
68,0,0,0,0,0,0,0,0,0,0,0,0,0
69,0,0,0,0,0,0,0,0,0,0,0,0,0
70,0,0,0,0,0,0,0,0,0,0,0,0,0
71,0,0,0,0,0,0,0,0,0,0,0,0,0
72,0,0,0,0,0,0,0,0,0,0,0,0,0
73,0,0,0,0,0,0,0,0,0,0,0,0,0
74,0,0,0,0,0,0,0,0,0,0,0,0,0
75,0,0,0,0,0,0,0,0,0,0,0,0,0
76,0,0,0,0,0,0,0,0,0,0,0,0,0
77,0,0,0,0,0,0,0,0,0,0,0,0,0
78,0,0,0,0,0,0,0,0,0,0,0,0,0
79,0,0,0,0,0,0,0,0,0,0,0,0,0
80,0,0,0,0,0,0,0,0,0,0,0,0,0
81,0,0,0,0,0,0,0,0,0,0,0,0,0
82,0,0,0,0,0,0,0,0,0,0,0,0,0
83,0,0,0,0,0,0,0,0,0,0,0,0,0
84,0,0,0,0,0,0,0,0,0,0,0,0,0
85,0.030252,0.0161071,0.0274792,0,0,0,-0.000516324,0.00316304,0.00554605,0.999979,0,0,0
86,0.00792305,0.013511,0.032342,0,0,0,-0.000521175,0.00315578,0.00553903,0.999979,0,0,0
87,0.0106263,0.0226447,0.0104971,0,0,0,-0.000580509,0.0031959,0.00566573,0.999979,0,0,0
88,0.00938668,0.0159152,0.0147772,0,0,0,-0.000594569,0.00318026,0.0056734,0.999979,0,0,0
89,-0.0190736,0.0294229,0.0153818,0,0,0,-0.000590174,0.00319897,0.00567381,0.999979,0,0,0
90,-0.00512582,0.0308415,0.0148153,0,0,0,-0.000638917,0.00318761,0.00570794,0.999978,0,0,0
91,0.0331608,0.00770134,0.043622,0,0,0,-0.000653192,0.00316568,0.00571387,0.999978,0,0,0
92,0.0331608,0.00770134,0.043622,0,0,0,-0.000653192,0.00316568,0.00571387,0.999978,0,0,0
93,0.0348737,0.0179607,0.00753689,0,0,0,-0.000638444,0.0031592,0.00570723,0.999978,0,0,0
94,0.0175245,0.0536678,0.0212851,0,0,0,-0.00063317,0.00315511,0.00571361,0.999978,0,0,0
95,-0.00768692,0.0542134,0.00290298,0,0,0,-0.000663103,0.00318456,0.00574122,0.999978,0,0,0
96,-0.00768692,0.0542134,0.00290298,0,0,0,-0.000663103,0.00318456,0.00574122,0.999978,0,0,0
97,-0.0084157,0.073711,0.0170975,0,0,0,-0.00066842,0.00319131,0.0057525,0.999978,0,0,0
98,-0.0253319,0.0408957,0.00161648,0,0,0,-0.00068612,0.00321078,0.00575211,0.999978,0,0,0
99,0.0142148,0.0144506,0.0266323,0,0,0,-0.00068819,0.00321783,0.00577159,0.999978,0,0,0
100,0.0142148,0.0144506,0.0266323,0,0,0,-0.00068819,0.00321783,0.00577159,0.999978,0,0,0
101,-0.0173889,0.0460208,0.0200605,0,0,0,-0.000693359,0.00321525,0.00578203,0.999978,0,0,0
102,-0.0238264,0.0542163,0.0267134,0,0,0,-0.000712195,0.00321787,0.00579633,0.999978,0,0,0
103,0.00306106,0.0388069,0.0133524,0,0,0,-0.000653569,0.00323961,0.00575224,0.999978,0,0,0
104,0.00306106,0.0388069,0.0133524,0,0,0,-0.000653569,0.00323961,0.00575224,0.999978,0,0,0
105,-0.0141801,0.0436873,0.0134153,0,0,0,-0.000651233,0.00323457,0.00577758,0.999978,0,0,0
106,-0.0141801,0.0436873,0.0134153,0,0,0,-0.000651233,0.00323457,0.00577758,0.999978,0,0,0
107,-0.0038698,0.0227035,0.0162706,0,0,0,-0.000741229,0.00326209,0.0057054,0.999978,0,0,0
108,-0.0162325,0.045171,0.0129433,0,0,0,-0.000744908,0.00323649,0.005703,0.999978,0,0,0
109,-0.00426788,0.0227041,0.0276566,0,0,0,-0.000756868,0.00322863,0.00571952,0.999978,0,0,0
110,-0.0305754,0.0385893,0.0239573,0,0,0,-0.000748266,0.00322002,0.00574003,0.999978,0,0,0
111,0.0218207,0.0280586,-0.000959396,0,0,0,-0.000850562,0.00323388,0.00574556,0.999978,0,0,0
112,0.0218207,0.0280586,-0.000959396,0,0,0,-0.000850562,0.00323388,0.00574556,0.999978,0,0,0
113,0.00863587,0.0265639,0.0256758,0,0,0,-0.000826832,0.00320171,0.00574908,0.999978,0,0,0
114,0.00863587,0.0265639,0.0256758,0,0,0,-0.000826832,0.00320171,0.00574908,0.999978,0,0,0
115,-0.0140766,0.0421943,0.0447187,0,0,0,-0.000876397,0.00322536,0.005726,0.999978,0,0,0
116,-0.00906992,0.0539945,0.027113,0,0,0,-0.000885268,0.0032283,0.00573945,0.999978,0,0,0
117,0.00639572,0.0378668,0.0156956,0,0,0,-0.000871389,0.00323416,0.0057626,0.999978,0,0,0
118,-0.000843383,0.0546699,0.020422,0,0,0,-0.00085585,0.0032346,0.00577888,0.999978,0,0,0
119,-0.00411432,0.0695836,0.00474358,0,0,0,-0.000838564,0.003256,0.00577547,0.999978,0,0,0
120,-0.00411432,0.0695836,0.00474358,0,0,0,-0.000838564,0.003256,0.00577547,0.999978,0,0,0
121,0.0114137,0.0658235,0.0169916,0,0,0,-0.000839635,0.00324218,0.00578542,0.999978,0,0,0
122,0.0249566,0.0383891,0.0393047,0,0,0,-0.000823322,0.00323965,0.00577893,0.999978,0,0,0
123,0.015532,0.0436263,0.0274868,0,0,0,-0.000798667,0.00322033,0.00576022,0.999978,0,0,0
124,-0.00298385,0.0668993,0.0369978,0,0,0,-0.000799859,0.00323292,0.00576768,0.999978,0,0,0
125,0.0258239,0.0478922,-0.00815678,0,0,0,-0.000784845,0.0032404,0.00578877,0.999978,0,0,0
126,0.0126398,0.0284535,0.0199671,0,0,0,-0.000752342,0.00324913,0.00583191,0.999977,0,0,0
127,-0.00582929,0.0350614,0.0176535,0,0,0,-0.000774135,0.00323296,0.00582502,0.999978,0,0,0
128,-0.00582929,0.0350614,0.0176535,0,0,0,-0.000774135,0.00323296,0.00582502,0.999978,0,0,0
129,-0.00971313,0.0270935,-0.0102797,0,0,0,-0.000763219,0.00323978,0.00582426,0.999978,0,0,0
130,-0.000163537,0.0466604,0.0157032,0,0,0,-0.000759084,0.00323797,0.00582542,0.999978,0,0,0
131,0.0132462,0.0288471,0.00287151,0,0,0,-0.000773378,0.00324552,0.0058802,0.999977,0,0,0
132,-0.0169965,0.0500885,0.00534344,0,0,0,-0.000763398,0.00322275,0.00588133,0.999977,0,0,0
133,0.041981,0.0189146,0.0535088,0,0,0,-0.000757924,0.00322981,0.0058912,0.999977,0,0,0
134,-0.00357348,0.0317253,0.0176563,0,0,0,-0.000702834,0.00325174,0.00578596,0.999978,0,0,0
135,0.0105916,0.0187023,0.0114527,0,0,0,-0.000713169,0.00324283,0.00579502,0.999978,0,0,0
136,0.0105916,0.0187023,0.0114527,0,0,0,-0.000713169,0.00324283,0.00579502,0.999978,0,0,0
137,-0.0109715,0.018221,0.00967312,0,0,0,-0.000714552,0.00323907,0.00579628,0.999978,0,0,0
138,-0.0226516,0.0545676,0.0338345,0,0,0,-0.000699939,0.0032455,0.00579524,0.999978,0,0,0
139,0.0284737,0.0252733,0.0241661,0,0,0,-0.000693343,0.00329759,0.00572686,0.999978,0,0,0
140,0.0284737,0.0252733,0.0241661,0,0,0,-0.000693343,0.00329759,0.00572686,0.999978,0,0,0
141,0.00949955,0.0221726,0.0299416,0,0,0,-0.000711386,0.00327405,0.00573123,0.999978,0,0,0
142,-0.0072423,0.0316103,0.0176926,0,0,0,-0.000720328,0.00331362,0.00568768,0.999978,0,0,0
143,0.0218128,0.0355916,0.00564957,0,0,0,-0.000743713,0.00330022,0.00569464,0.999978,0,0,0
144,0.0218128,0.0355916,0.00564957,0,0,0,-0.000743713,0.00330022,0.00569464,0.999978,0,0,0
145,-0.00458086,0.0518469,-0.0023098,0,0,0,-0.000739538,0.00329178,0.00569554,0.999978,0,0,0
146,0.042787,0.0238189,0.0046339,0,0,0,-0.000729053,0.00327853,0.00570654,0.999978,0,0,0
147,0.026338,0.0423342,0.0316954,0,0,0,-0.00089515,0.00336103,0.00565973,0.999978,0,0,0
148,0.026338,0.0423342,0.0316954,0,0,0,-0.00089515,0.00336103,0.00565973,0.999978,0,0,0
149,0.0437846,0.0368103,0.0420675,0,0,0,-0.000873702,0.00336046,0.00566862,0.999978,0,0,0
150,0.0299902,0.034673,0.0407228,0,0,0,-0.000868917,0.00336547,0.00568411,0.999978,0,0,0
151,-0.0122878,0.0657969,0.0332851,0,0,0,-0.000788216,0.00334876,0.00578672,0.999977,0,0,0
152,-0.0160489,0.0523971,0.0252724,0,0,0,-0.000777408,0.00334128,0.00578917,0.999977,0,0,0
153,0.0128111,0.0505233,0.0132656,0,0,0,-0.000776097,0.00334502,0.00578835,0.999977,0,0,0
154,-0.000629935,0.0560298,0.000505447,0,0,0,-0.000792589,0.00334657,0.00580107,0.999977,0,0,0
155,-0.0117399,0.071556,0.0337172,0,0,0,-0.000854629,0.003387,0.00583389,0.999977,0,0,0
156,-0.0117399,0.071556,0.0337172,0,0,0,-0.000854629,0.003387,0.00583389,0.999977,0,0,0
157,-0.0187179,0.0817974,0.0375271,0,0,0,-0.00085192,0.0033959,0.00584414,0.999977,0,0,0
158,-0.00467527,0.0443746,0.0347252,0,0,0,-0.000842885,0.00339642,0.00584114,0.999977,0,0,0
159,-0.00661926,0.0821672,0.00424671,0,0,0,-0.000920587,0.00338756,0.00582566,0.999977,0,0,0
160,0.00507039,0.0409544,0.0228252,0,0,0,-0.000907478,0.00339289,0.00582413,0.999977,0,0,0
161,-0.0068191,0.0388276,0.00249672,0,0,0,-0.000896739,0.00339615,0.00582875,0.999977,0,0,0
162,-0.0262373,0.0867589,0.0019598,0,0,0,-0.000924284,0.00337647,0.00582684,0.999977,0,0,0
163,-0.0010376,0.056238,0.0261192,0,0,0,-0.000911356,0.00337251,0.00584668,0.999977,0,0,0
164,-0.0010376,0.056238,0.0261192,0,0,0,-0.000911356,0.00337251,0.00584668,0.999977,0,0,0
165,-0.0313195,0.0644394,0.00206852,0,0,0,-0.000903439,0.00338033,0.00585974,0.999977,0,0,0
166,-0.000657476,0.0492797,0.00385094,0,0,0,-0.000900324,0.00338025,0.00584019,0.999977,0,0,0
167,0.028113,0.0284647,-0.00146198,0,0,0,-0.000978034,0.00340297,0.00593077,0.999976,0,0,0
168,0.028113,0.0284647,-0.00146198,0,0,0,-0.000978034,0.00340297,0.00593077,0.999976,0,0,0
169,0.0119109,0.0274256,0.0266161,0,0,0,-0.000966139,0.00339058,0.00593978,0.999976,0,0,0
170,0.00529685,0.0389022,0.00147533,0,0,0,-0.000885616,0.00338057,0.00589048,0.999976,0,0,0
171,0.0113295,0.0443465,-0.00190449,0,0,0,-0.000882328,0.00336262,0.0059082,0.999976,0,0,0
172,0.0113295,0.0443465,-0.00190449,0,0,0,-0.000882328,0.00336262,0.0059082,0.999976,0,0,0
173,1.40741e-05,0.0462481,-0.00279045,0,0,0,-0.000886289,0.00336679,0.00593074,0.999976,0,0,0
174,0.0091514,0.0493053,0.0113888,0,0,0,-0.000885574,0.0033683,0.00593729,0.999976,0,0,0
175,0.0233019,0.0310367,-0.00191116,0,0,0,-0.000852031,0.00340657,0.00591255,0.999976,0,0,0
176,0.0233019,0.0310367,-0.00191116,0,0,0,-0.000852031,0.00340657,0.00591255,0.999976,0,0,0
177,0.0373749,0.0481362,0.0188208,0,0,0,-0.000829501,0.00339584,0.00592235,0.999976,0,0,0
178,0.00906094,0.0536737,0.0246725,0,0,0,-0.000816443,0.00339859,0.00594544,0.999976,0,0,0
179,0.0220229,0.0520801,0.0236502,0,0,0,-0.000787917,0.00341874,0.00577761,0.999977,0,0,0
180,0.0277047,0.0665138,0.0136166,0,0,0,-0.000789792,0.00342842,0.00579238,0.999977,0,0,0
181,0.0324958,0.0467365,0.0131512,0,0,0,-0.000780605,0.00341606,0.00580902,0.999977,0,0,0
182,0.00440335,0.057703,0.0398474,0,0,0,-0.000787074,0.00339849,0.00580987,0.999977,0,0,0
183,-0.00324223,0.0622473,0.0152006,0,0,0,-0.000835951,0.00341662,0.00582755,0.999977,0,0,0
184,-0.00324223,0.0622473,0.0152006,0,0,0,-0.000835951,0.00341662,0.00582755,0.999977,0,0,0
185,0.0250621,0.0296164,0.0142117,0,0,0,-0.000821282,0.00343854,0.00586886,0.999977,0,0,0
186,0.0134776,0.0123802,0.0138502,0,0,0,-0.000821282,0.00343854,0.00586886,0.999977,0,0,0
187,0.014268,0.023561,0.0304089,0,0,0,-0.000784631,0.00338814,0.00575075,0.999977,0,0,0
188,0.00393822,0.0565796,0.025157,0,0,0,-0.000771402,0.00338565,0.00573548,0.999978,0,0,0
189,0.0141388,0.050981,0.00707626,0,0,0,-0.000757615,0.00336859,0.00576873,0.999977,0,0,0
190,0.0174813,0.039769,-0.0104532,0,0,0,-0.000744845,0.00337016,0.00577501,0.999977,0,0,0
191,0.00401741,0.034798,0.0242653,0,0,0,-0.000810317,0.00341281,0.0057325,0.999977,0,0,0
192,0.00401741,0.034798,0.0242653,0,0,0,-0.000810317,0.00341281,0.0057325,0.999977,0,0,0
193,-0.00747292,0.045931,0.0290356,0,0,0,-0.000818796,0.00338862,0.00572731,0.999978,0,0,0
194,0.00848126,0.0534708,0.00426197,0,0,0,-0.000813294,0.0033908,0.00572482,0.999978,0,0,0
195,0.0159419,0.0405542,0.000462532,0,0,0,-0.000709,0.00336879,0.00558766,0.999979,0,0,0
196,0.0104187,0.0235255,0.0166712,0,0,0,-0.000696816,0.00335954,0.00560477,0.999978,0,0,0
197,0.0200448,0.026463,0.0142422,0,0,0,-0.000691022,0.00334381,0.00559068,0.999979,0,0,0
198,0.00942548,0.0456728,0.0317888,0,0,0,-0.000690819,0.00332472,0.00559814,0.999979,0,0,0
199,0.0449491,0.00815918,0.0416708,0,0,0,-0.000676886,0.00344998,0.00561611,0.999978,0,0,0
200,0.0449491,0.00815918,0.0416708,0,0,0,-0.000676886,0.00344998,0.00561611,0.999978,0,0,0
201,0.0399033,0.0313395,0.0164957,0,0,0,-0.000672886,0.00344982,0.00562299,0.999978,0,0,0
202,0.0200369,0.0394205,0.0118504,0,0,0,-0.000668548,0.00346782,0.00565753,0.999978,0,0,0
203,0.00677226,0.0477569,0.0147429,0,0,0,-0.000656276,0.00344155,0.00565084,0.999978,0,0,0
204,0.000522025,0.0473831,-0.0170221,0,0,0,-0.000656265,0.00342569,0.00568032,0.999978,0,0,0
205,0.0163865,0.0526723,0.00850964,0,0,0,-0.000643952,0.00341339,0.00568948,0.999978,0,0,0
206,0.0244134,0.0345091,-0.000984192,0,0,0,-0.000622831,0.00342795,0.00555683,0.999979,0,0,0
207,-0.00214582,0.0388171,0.0129204,0,0,0,-0.000594411,0.00342218,0.00555377,0.999979,0,0,0
208,-0.00214582,0.0388171,0.0129204,0,0,0,-0.000594411,0.00342218,0.00555377,0.999979,0,0,0
209,0.0356539,0.0386546,0.017911,0,0,0,-0.000588632,0.00340257,0.00555599,0.999979,0,0,0
210,0.0306146,0.0132285,0.00756836,0,0,0,-0.000576973,0.00338658,0.0055756,0.999979,0,0,0
211,0.0128672,0.0370972,0.0123596,0,0,0,-0.000556893,0.00338841,0.00545677,0.999979,0,0,0
212,0.0128672,0.0370972,0.0123596,0,0,0,-0.000556893,0.00338841,0.00545677,0.999979,0,0,0
213,0.0258428,0.0375142,0.0265255,0,0,0,-0.000537796,0.00340324,0.00547753,0.999979,0,0,0
214,0.0258428,0.0375142,0.0265255,0,0,0,-0.000537796,0.00340324,0.00547753,0.999979,0,0,0
215,0.00712274,0.0464875,0.0266066,0,0,0,-0.000502817,0.00339669,0.0054611,0.999979,0,0,0
216,0.0101843,0.0559332,0.00664806,0,0,0,-0.000477464,0.00340616,0.00546533,0.999979,0,0,0
217,0.00776872,0.0359502,0.0128727,0,0,0,-0.000462418,0.00342383,0.00546556,0.999979,0,0,0
218,0.00720925,0.051059,0.00619411,0,0,0,-0.000461404,0.00342578,0.00545645,0.999979,0,0,0
219,-0.00870296,0.0453203,0.0120001,0,0,0,-0.000441048,0.00345266,0.00551748,0.999979,0,0,0
220,-0.00870296,0.0453203,0.0120001,0,0,0,-0.000441048,0.00345266,0.00551748,0.999979,0,0,0
221,0.00769193,0.036705,-0.0042057,0,0,0,-0.000444535,0.0034424,0.00552304,0.999979,0,0,0
222,0.0124375,0.0505636,-0.00567436,0,0,0,-0.000440762,0.00344541,0.00554655,0.999979,0,0,0
223,0.0155414,0.0546751,0.0218105,0,0,0,-0.000374128,0.00346388,0.00549781,0.999979,0,0,0
224,0.0220845,0.0506995,0.00469875,0,0,0,-0.000382993,0.00347213,0.00550614,0.999979,0,0,0
225,0.0290829,0.0473015,0.0117893,0,0,0,-0.000356104,0.00348253,0.00552504,0.999979,0,0,0
226,0.00824063,0.0706395,0.0256147,0,0,0,-0.000359949,0.00349733,0.00553807,0.999978,0,0,0
227,-0.00833426,0.065676,0.0323505,0,0,0,-0.000336014,0.0034705,0.00547241,0.999979,0,0,0
228,-0.00833426,0.065676,0.0323505,0,0,0,-0.000336014,0.0034705,0.00547241,0.999979,0,0,0
229,0.0181687,0.060489,0.023674,0,0,0,-0.000355173,0.00347761,0.00547994,0.999979,0,0,0
230,0.0101453,0.0498174,0.0232677,0,0,0,-0.000361128,0.00348031,0.00549131,0.999979,0,0,0
231,0.0224721,0.0636838,0.0283976,0,0,0,-0.000285587,0.00349887,0.00556171,0.999978,0,0,0
232,0.0105167,0.0508804,0.0128355,0,0,0,-0.000281952,0.00350377,0.00558035,0.999978,0,0,0
233,-0.029379,0.0763739,0.00637722,0,0,0,-0.000278308,0.00349787,0.00557917,0.999978,0,0,0
234,-0.00415734,0.0544101,0.0129213,0,0,0,-0.000306794,0.00353059,0.00564137,0.999978,0,0,0
235,-0.00193794,0.0401157,0.00914955,0,0,0,-0.000310494,0.00353414,0.00564221,0.999978,0,0,0
236,-0.00193794,0.0401157,0.00914955,0,0,0,-0.000310494,0.00353414,0.00564221,0.999978,0,0,0
237,0.00258901,0.0344802,0.00581932,0,0,0,-0.000296709,0.00354115,0.00565403,0.999978,0,0,0
238,-0.011157,0.0165608,0.0135088,0,0,0,-0.000278609,0.00353487,0.00567062,0.999978,0,0,0
239,0.00325008,0.0371066,0.00674438,0,0,0,-0.000254163,0.00358886,0.00562223,0.999978,0,0,0
240,0.00325008,0.0371066,0.00674438,0,0,0,-0.000254163,0.00358886,0.00562223,0.999978,0,0,0
241,0.0440194,0.0306459,0.0269136,0,0,0,-0.000238322,0.00358118,0.00562484,0.999978,0,0,0
242,-0.00366928,0.0490793,0.0162601,0,0,0,-0.000238322,0.00358118,0.00562484,0.999978,0,0,0
243,0.0018246,0.0464399,-0.00274277,0,0,0,-0.000216962,0.00358225,0.00566554,0.999978,0,0,0
244,0.0169615,0.0148084,0.029954,0,0,0,-0.000204057,0.00357351,0.00566815,0.999978,0,0,0
245,0.0111333,0.0439843,0.0166559,0,0,0,-0.000197675,0.00359111,0.00568554,0.999977,0,0,0
246,0.0043214,0.0482394,0.00577927,0,0,0,-0.000174761,0.00358207,0.00570417,0.999977,0,0,0
247,-0.0130224,0.0497819,0.00682449,0,0,0,-0.000188159,0.00358332,0.00571709,0.999977,0,0,0
248,-0.0130224,0.0497819,0.00682449,0,0,0,-0.000188159,0.00358332,0.00571709,0.999977,0,0,0
249,-0.00110857,0.0524689,0.000575066,0,0,0,-0.000204025,0.00355891,0.00575364,0.999977,0,0,0
250,0.00844689,0.0573258,0.0194826,0,0,0,-0.000214937,0.00354998,0.0057521,0.999977,0,0,0
251,0.00329213,0.0264088,0.0238333,0,0,0,-0.000333043,0.00356567,0.00570514,0.999977,0,0,0
252,-0.000145342,0.0201713,0.0352497,0,0,0,-0.000323275,0.00354237,0.00572149,0.999977,0,0,0
253,-0.0103582,0.0545903,0.0324011,0,0,0,-0.000301819,0.00352904,0.00574188,0.999977,0,0,0
254,-0.0104517,0.0187123,0.0139666,0,0,0,-0.000286287,0.00350187,0.00576301,0.999977,0,0,0
255,0.0254789,0.034441,0.0146685,0,0,0,-0.000320114,0.00347112,0.00576595,0.999977,0,0,0
256,0.0254789,0.034441,0.0146685,0,0,0,-0.000320114,0.00347112,0.00576595,0.999977,0,0,0
257,0.00596178,0.0291854,0.0128908,0,0,0,-0.000327772,0.00346557,0.0057769,0.999977,0,0,0
258,0.0102024,0.0331582,0.0190411,0,0,0,-0.000324776,0.00348171,0.00579935,0.999977,0,0,0
259,0.00854634,0.0522251,0.022315,0,0,0,-0.00036669,0.00341016,0.00581423,0.999977,0,0,0
260,0.0157308,0.0494565,-0.00381088,0,0,0,-0.000373904,0.00342066,0.00581203,0.999977,0,0,0
261,-0.0324309,0.0618286,0.0334377,0,0,0,-0.000384321,0.00343812,0.00581198,0.999977,0,0,0
262,0.0274597,0.0343953,0.0113554,0,0,0,-0.000432875,0.00350715,0.0058508,0.999977,0,0,0
263,0.038583,0.0162569,0.00895786,0,0,0,-0.000426924,0.00349755,0.00585228,0.999977,0,0,0
264,0.038583,0.0162569,0.00895786,0,0,0,-0.000426924,0.00349755,0.00585228,0.999977,0,0,0
265,0.0233515,0.0280257,0.0199203,0,0,0,-0.000406317,0.00350831,0.00586127,0.999977,0,0,0
266,0.025431,0.0303138,0.023222,0,0,0,-0.000409418,0.00350119,0.00587379,0.999977,0,0,0
267,0.014091,0.0440173,0.0123539,0,0,0,-0.000505366,0.00356772,0.00577934,0.999977,0,0,0
268,0.014091,0.0440173,0.0123539,0,0,0,-0.000505366,0.00356772,0.00577934,0.999977,0,0,0
269,0.0101656,0.0583735,0.0227661,0,0,0,-0.000507858,0.00355981,0.0057845,0.999977,0,0,0
270,0.0336651,0.0324736,0.004673,0,0,0,-0.000507906,0.00355022,0.00576801,0.999977,0,0,0
271,0.0147408,0.0292347,0.0133286,0,0,0,-0.00048094,0.00356002,0.00577556,0.999977,0,0,0
272,0.0147408,0.0292347,0.0133286,0,0,0,-0.00048094,0.00356002,0.00577556,0.999977,0,0,0
273,0.0133905,0.0298119,0.0389605,0,0,0,-0.000457974,0.00358589,0.00578951,0.999977,0,0,0
274,0.0152072,0.0446918,0.0142384,0,0,0,-0.000470921,0.00359753,0.00580414,0.999977,0,0,0
275,-0.00298426,0.051698,0.0176411,0,0,0,-0.000431531,0.00357474,0.00582137,0.999977,0,0,0
276,-0.00298426,0.051698,0.0176411,0,0,0,-0.000431531,0.00357474,0.00582137,0.999977,0,0,0
277,0.0124225,0.0544506,0.0237217,0,0,0,-0.000434552,0.00357472,0.00584052,0.999976,0,0,0
278,0.00987681,0.0571745,-0.000473022,0,0,0,-0.000435074,0.00354083,0.00584821,0.999976,0,0,0
279,-0.00401915,0.0397446,0.0319395,0,0,0,-0.00041656,0.00362019,0.00581703,0.999977,0,0,0
280,-0.0262072,0.0501402,0.020174,0,0,0,-0.000426258,0.00361184,0.00583221,0.999977,0,0,0
281,0.0135663,0.0384888,-0.00327778,0,0,0,-0.000416711,0.00359887,0.00585123,0.999976,0,0,0
282,0.00650162,0.0299153,0.0299883,0,0,0,-0.000416912,0.00357217,0.00585188,0.999977,0,0,0
283,-0.00956101,0.0407188,0.00822926,0,0,0,-0.000513278,0.00358256,0.00588658,0.999976,0,0,0
284,-0.00956101,0.0407188,0.00822926,0,0,0,-0.000513278,0.00358256,0.00588658,0.999976,0,0,0
285,0.01831,0.041384,-0.00142479,0,0,0,-0.000520359,0.00358699,0.00590525,0.999976,0,0,0
286,6.37174e-05,0.049693,0.0385084,0,0,0,-0.000537279,0.00359683,0.00593446,0.999976,0,0,0
287,0.00834179,0.0486657,-0.0103941,0,0,0,-0.000558547,0.00356948,0.005918,0.999976,0,0,0
288,0.0147113,0.0316484,0.000515938,0,0,0,-0.000553257,0.0035649,0.00593521,0.999976,0,0,0
289,0.00361501,0.0717582,0.0351162,0,0,0,-0.000562962,0.00357907,0.00593741,0.999976,0,0,0
290,0.0167292,0.0195119,0.0285292,0,0,0,-0.000575861,0.00359442,0.00595072,0.999976,0,0,0
291,-0.000278525,0.0563769,0.0109901,0,0,0,-0.000607775,0.00359539,0.00590518,0.999976,0,0,0
292,-0.000278525,0.0563769,0.0109901,0,0,0,-0.000607775,0.00359539,0.00590518,0.999976,0,0,0
293,0.000394251,0.0641991,0.0294456,0,0,0,-0.000618145,0.00358604,0.00591822,0.999976,0,0,0
294,0.0138113,0.0541047,0.0251226,0,0,0,-0.000627681,0.0035744,0.00590807,0.999976,0,0,0
295,0.0216571,0.0530139,0.0165482,0,0,0,-0.000648004,0.00358341,0.0058306,0.999976,0,0,0
296,-0.0102184,0.0632561,0.0100517,0,0,0,-0.000660079,0.00356415,0.00584222,0.999976,0,0,0
297,0.00389377,0.0724735,0.0246696,0,0,0,-0.000653916,0.00356787,0.00585049,0.999976,0,0,0
298,-0.000508297,0.050424,0.0100451,0,0,0,-0.000689231,0.00356566,0.00582557,0.999976,0,0,0
299,0.0035374,0.0712779,0.00140667,0,0,0,-0.000694217,0.00355772,0.0058332,0.999976,0,0,0
300,0.0035374,0.0712779,0.00140667,0,0,0,-0.000694217,0.00355772,0.0058332,0.999976,0,0,0
301,0.0147637,0.0415726,0.0109243,0,0,0,-0.000687106,0.00355294,0.0058586,0.999976,0,0,0
302,0.00313267,0.0542075,0.0118971,0,0,0,-0.000695431,0.00354469,0.00588878,0.999976,0,0,0
303,0.0168479,0.037045,-0.00330639,0,0,0,-0.000625633,0.00357103,0.00582481,0.999976,0,0,0
304,0.0168479,0.037045,-0.00330639,0,0,0,-0.000625633,0.00357103,0.00582481,0.999976,0,0,0
305,0.0241633,0.0422389,-0.000988007,0,0,0,-0.000636156,0.00357242,0.00584083,0.999976,0,0,0
306,0.0220328,0.0414152,-0.00334549,0,0,0,-0.000660968,0.00357896,0.00585525,0.999976,0,0,0
307,0.0220846,0.0411971,0.00945282,0,0,0,-0.000613002,0.00356014,0.00578614,0.999977,0,0,0
308,0.0172164,0.0214586,-0.00184727,0,0,0,-0.000612248,0.00356156,0.00580884,0.999977,0,0,0
309,0.0114833,0.0304963,-0.011797,0,0,0,-0.000600447,0.00355093,0.00581842,0.999977,0,0,0
310,0.00830927,0.0431776,-0.00184059,0,0,0,-0.000619867,0.0035631,0.00582097,0.999977,0,0,0
311,-0.00650686,0.0254639,0.00968075,0,0,0,-0.000572296,0.00356738,0.00583262,0.999976,0,0,0
312,-0.00650686,0.0254639,0.00968075,0,0,0,-0.000572296,0.00356738,0.00583262,0.999976,0,0,0
313,-0.00364947,0.0384442,0.0157757,0,0,0,-0.000616305,0.00356137,0.00585322,0.999976,0,0,0
314,-0.0140143,0.0261979,-0.000252724,0,0,0,-0.000616305,0.00356137,0.00585322,0.999976,0,0,0
315,-0.00196664,0.0286211,-0.011714,0,0,0,-0.000636167,0.00357168,0.00568859,0.999977,0,0,0
316,0.00748935,0.0186257,0.0295334,0,0,0,-0.000627569,0.00357106,0.00569362,0.999977,0,0,0
317,-0.0135128,0.0449105,0.026268,0,0,0,-0.000616955,0.00359564,0.00570155,0.999977,0,0,0
318,0.00427726,0.0356597,0.0361633,0,0,0,-0.000592005,0.00361422,0.00571597,0.999977,0,0,0
319,0.0287829,0.0326747,0.0426559,0,0,0,-0.000677755,0.00363849,0.00577339,0.999976,0,0,0
320,0.0287829,0.0326747,0.0426559,0,0,0,-0.000677755,0.00363849,0.00577339,0.999976,0,0,0
321,0.0287389,0.0426488,0.0184431,0,0,0,-0.000658637,0.00365032,0.0057851,0.999976,0,0,0
322,0.0107511,0.0465599,0.0265903,0,0,0,-0.000652289,0.00363133,0.00579593,0.999976,0,0,0
323,0.0182842,0.0354255,0.00192451,0,0,0,-0.000673819,0.00369473,0.00580218,0.999976,0,0,0
324,0.0223895,0.0601648,0.0179529,0,0,0,-0.000672509,0.00369105,0.00579482,0.999976,0,0,0
325,0.0229529,0.0306869,0.0341616,0,0,0,-0.000661659,0.00369086,0.0057996,0.999976,0,0,0
326,0.0232717,0.0613805,0.0378752,0,0,0,-0.00065346,0.00369392,0.00582037,0.999976,0,0,0
327,0.0457414,0.0744518,0.00970745,0,0,0,-0.000736388,0.00372601,0.0058853,0.999975,0,0,0
328,0.0457414,0.0744518,0.00970745,0,0,0,-0.000736388,0.00372601,0.0058853,0.999975,0,0,0
329,0.0282277,0.059677,0.0164804,0,0,0,-0.000735794,0.00370946,0.00589061,0.999975,0,0,0
330,0.0368336,0.0746458,0.00690937,0,0,0,-0.000714797,0.00372841,0.0058822,0.999975,0,0,0
331,0.0519409,0.0587314,0.0177612,0,0,0,-0.000765148,0.00376043,0.00595588,0.999975,0,0,0
332,0.0566536,0.0465613,0.00449562,0,0,0,-0.000738828,0.00376117,0.00594712,0.999975,0,0,0
333,0.0359138,0.0785683,0.00833511,0,0,0,-0.000740067,0.00376698,0.00596354,0.999975,0,0,0
334,0.0273385,0.0692164,-0.0010891,0,0,0,-0.00075238,0.00376265,0.00597933,0.999975,0,0,0
335,0.0281487,0.0397862,-0.00242138,0,0,0,-0.000679719,0.00378501,0.00594375,0.999975,0,0,0
336,0.0281487,0.0397862,-0.00242138,0,0,0,-0.000679719,0.00378501,0.00594375,0.999975,0,0,0
337,0.0325693,0.0418134,0.00750065,0,0,0,-0.000679329,0.00376536,0.0059628,0.999975,0,0,0
338,0.00471437,0.0309092,0.00676537,0,0,0,-0.000674691,0.00376308,0.00597455,0.999975,0,0,0
339,0.0191134,0.0384894,0.0066452,0,0,0,-0.000742635,0.00377017,0.00596124,0.999975,0,0,0
340,0.0253585,0.0187056,0.0080862,0,0,0,-0.000721068,0.0037519,0.00597964,0.999975,0,0,0
341,0.0159424,0.0391387,0.0189981,0,0,0,-0.000729638,0.00375327,0.00598672,0.999975,0,0,0
342,-0.00132027,0.0246389,0.00587654,0,0,0,-0.000794001,0.00378722,0.0059122,0.999975,0,0,0
343,0.01541,0.0231489,0.0190639,0,0,0,-0.000781396,0.00378604,0.00591582,0.999975,0,0,0
344,0.01541,0.0231489,0.0190639,0,0,0,-0.000781396,0.00378604,0.00591582,0.999975,0,0,0
345,-0.0186097,0.0422953,0.0306101,0,0,0,-0.000782229,0.00380033,0.00590796,0.999975,0,0,0
346,0.0170616,0.0636814,0.0397873,0,0,0,-0.000776279,0.0037771,0.00592682,0.999975,0,0,0
347,0.00107574,0.0365105,0.0167418,0,0,0,-0.000852503,0.00382049,0.00593621,0.999975,0,0,0
348,-0.00870617,0.0426028,0.0220022,0,0,0,-0.00085953,0.00381909,0.00594493,0.999975,0,0,0
349,0.00912244,0.02561,0.0238504,0,0,0,-0.000843995,0.0038409,0.00595831,0.999975,0,0,0
350,0.00735142,0.0357881,0.0423269,0,0,0,-0.000857694,0.00382482,0.00592709,0.999975,0,0,0
351,0.00916434,0.0406318,-0.00656605,0,0,0,-0.000851835,0.00382655,0.00592799,0.999975,0,0,0
352,0.00916434,0.0406318,-0.00656605,0,0,0,-0.000851835,0.00382655,0.00592799,0.999975,0,0,0
353,-0.00468682,0.0458048,0.00868607,0,0,0,-0.000853237,0.00384511,0.00593595,0.999975,0,0,0
354,0.0337106,0.0161485,0.0175409,0,0,0,-0.000844221,0.0038133,0.00594313,0.999975,0,0,0
355,0.0154829,0.0486887,0.00142384,0,0,0,-0.00082784,0.00380301,0.00587532,0.999975,0,0,0
356,0.0154829,0.0486887,0.00142384,0,0,0,-0.00082784,0.00380301,0.00587532,0.999975,0,0,0
357,0.0220802,0.0574792,0.027462,0,0,0,-0.000826305,0.0038163,0.00587989,0.999975,0,0,0
358,0.0273646,0.0524712,0.0255346,0,0,0,-0.000829121,0.00383301,0.00588703,0.999975,0,0,0
359,-0.00267608,0.0573913,-0.00938034,0,0,0,-0.000818051,0.00379917,0.00596494,0.999975,0,0,0
360,0.0211535,0.044286,0.0161238,0,0,0,-0.000806376,0.00381899,0.00599655,0.999974,0,0,0
361,0.011165,0.0541422,0.00761318,0,0,0,-0.000798679,0.00380667,0.00600448,0.999974,0,0,0
362,0.0433038,0.0530643,0.0130968,0,0,0,-0.000800138,0.00380041,0.00601393,0.999974,0,0,0
363,0.0369131,0.04995,0.0197945,0,0,0,-0.000844117,0.00387079,0.00601154,0.999974,0,0,0
364,0.0369131,0.04995,0.0197945,0,0,0,-0.000844117,0.00387079,0.00601154,0.999974,0,0,0
365,0.0247264,0.0658023,0.0184021,0,0,0,-0.000853729,0.00388341,0.0060342,0.999974,0,0,0
366,0.0243134,0.0454865,0.00185585,0,0,0,-0.000899713,0.00389347,0.0060225,0.999974,0,0,0
367,0.0208087,0.0585259,-0.000538826,0,0,0,-0.000889049,0.00387098,0.00603464,0.999974,0,0,0
368,0.0208087,0.0585259,-0.000538826,0,0,0,-0.000889049,0.00387098,0.00603464,0.999974,0,0,0
369,-0.00182891,0.0703384,0.012867,0,0,0,-0.000867871,0.00388065,0.00606107,0.999974,0,0,0
370,0.0314495,0.0826042,0.0154352,0,0,0,-0.000871239,0.00387059,0.00608924,0.999974,0,0,0
371,0.00522323,0.0850558,0.00471973,0,0,0,-0.00086618,0.00394504,0.00608031,0.999973,0,0,0
372,0.00522323,0.0850558,0.00471973,0,0,0,-0.00086618,0.00394504,0.00608031,0.999973,0,0,0
373,0.0228536,0.0530421,-0.00193119,0,0,0,-0.000834885,0.00397391,0.006101,0.999973,0,0,0
374,0.0228536,0.0530421,-0.00193119,0,0,0,-0.000834885,0.00397391,0.006101,0.999973,0,0,0
375,0.0187159,0.0529145,0.041729,0,0,0,-0.000860899,0.00400126,0.00614243,0.999973,0,0,0
376,-0.00932118,0.0481328,0.0300817,0,0,0,-0.000854959,0.00401089,0.00615938,0.999973,0,0,0
377,-0.00435785,0.0686289,0.00957966,0,0,0,-0.00084666,0.00400471,0.00615339,0.999973,0,0,0
378,0.0205305,0.0431675,-0.0194397,0,0,0,-0.00084781,0.0040335,0.00615142,0.999973,0,0,0
379,0.0150281,0.0351774,0.0128756,0,0,0,-0.000855899,0.00400311,0.00618527,0.999973,0,0,0
380,0.0150281,0.0351774,0.0128756,0,0,0,-0.000855899,0.00400311,0.00618527,0.999973,0,0,0
381,0.0364634,0.0274129,0.0231972,0,0,0,-0.00085029,0.00402285,0.00621218,0.999972,0,0,0
382,0.0247236,0.0232537,0.0327768,0,0,0,-0.000844064,0.00403232,0.00624322,0.999972,0,0,0
383,0.0430819,0.0191167,0.00988674,0,0,0,-0.000899438,0.00406347,0.00617844,0.999972,0,0,0
384,0.00278597,0.0497254,0.0181313,0,0,0,-0.000903343,0.00405296,0.00618151,0.999972,0,0,0
385,0.0353359,0.0293716,-0.000526428,0,0,0,-0.000904262,0.0040835,0.0061797,0.999972,0,0,0
386,0.012772,0.0489522,0.0218678,0,0,0,-0.000964515,0.00411535,0.00630477,0.999971,0,0,0
387,-0.00291156,0.0692853,-0.0160465,0,0,0,-0.000979441,0.00410449,0.00631261,0.999971,0,0,0
388,-0.00291156,0.0692853,-0.0160465,0,0,0,-0.000979441,0.00410449,0.00631261,0.999971,0,0,0
389,0.0339358,0.0437769,-0.00956059,0,0,0,-0.000984808,0.00410848,0.00630577,0.999971,0,0,0
390,0.0429887,0.0283186,-0.0148029,0,0,0,-0.000993617,0.00409546,0.00633157,0.999971,0,0,0
391,0.0231864,0.053353,0.0231981,0,0,0,-0.00107578,0.00414018,0.0062889,0.999971,0,0,0
392,0.0280599,0.0468612,0.00469398,0,0,0,-0.00105789,0.0041365,0.00628048,0.999971,0,0,0
393,0.00265831,0.0494273,0.0162468,0,0,0,-0.00105908,0.00413379,0.00627527,0.999971,0,0,0
394,0.00138351,0.0405481,0.0144053,0,0,0,-0.00105481,0.00412541,0.00630002,0.999971,0,0,0
395,0.012295,0.0644673,0.0341568,0,0,0,-0.00105237,0.004129,0.00631252,0.999971,0,0,0
396,0.012295,0.0644673,0.0341568,0,0,0,-0.00105237,0.004129,0.00631252,0.999971,0,0,0
397,0.0165434,0.0338947,0.00292492,0,0,0,-0.00104167,0.00410587,0.00634851,0.999971,0,0,0
398,0.00890397,0.0492494,0.0299501,0,0,0,-0.00103739,0.0040962,0.00635885,0.999971,0,0,0
399,0.0230364,0.0529648,0.0203676,0,0,0,-0.00108382,0.00414662,0.00632094,0.999971,0,0,0
400,0.0230364,0.0529648,0.0203676,0,0,0,-0.00108382,0.00414662,0.00632094,0.999971,0,0,0
401,0.0154256,0.0614674,0.00993156,0,0,0,-0.00109152,0.00414541,0.00634026,0.999971,0,0,0
402,-0.000629779,0.0390872,0.0129929,0,0,0,-0.00106349,0.00413435,0.00635523,0.999971,0,0,0
403,0.0210007,0.0518075,0.0251303,0,0,0,-0.00110665,0.00417795,0.00635668,0.99997,0,0,0
404,0.024667,0.0541009,0.0118141,0,0,0,-0.00112117,0.00418412,0.00635749,0.99997,0,0,0
405,0.0285073,0.0328068,0.0170889,0,0,0,-0.00111389,0.00420187,0.006353,0.99997,0,0,0
406,0.0111151,0.0635545,0.00998402,0,0,0,-0.00109544,0.00421204,0.00636386,0.99997,0,0,0
407,0.0157698,0.0361542,0.0351973,0,0,0,-0.00110423,0.00425149,0.00634643,0.99997,0,0,0
408,0.0157698,0.0361542,0.0351973,0,0,0,-0.00110423,0.00425149,0.00634643,0.99997,0,0,0
409,0.00990552,0.0469888,0.025238,0,0,0,-0.00109783,0.00423972,0.00638739,0.99997,0,0,0
410,0.0136456,0.0658792,-0.0203981,0,0,0,-0.00109373,0.00423469,0.00641272,0.99997,0,0,0
411,0.0370402,0.0446922,-0.00532627,0,0,0,-0.00115807,0.00421983,0.00650212,0.999969,0,0,0
412,-0.0129666,0.0851037,0.0366421,0,0,0,-0.00113801,0.00421666,0.00651222,0.999969,0,0,0
413,-0.0105353,0.0800331,0.0195656,0,0,0,-0.00112396,0.00422856,0.0065101,0.999969,0,0,0
414,0.0088741,0.0775235,-0.00477219,0,0,0,-0.00113659,0.00422313,0.00652563,0.999969,0,0,0
415,0.0101379,0.087356,0.0117846,0,0,0,-0.00121758,0.00426605,0.00657332,0.999969,0,0,0
416,0.0101379,0.087356,0.0117846,0,0,0,-0.00121758,0.00426605,0.00657332,0.999969,0,0,0
417,0.00282726,0.0816231,0.0398655,0,0,0,-0.00123948,0.00427552,0.00657547,0.999969,0,0,0
418,-0.00788878,0.0956384,0.00762367,0,0,0,-0.00123048,0.00428436,0.00658784,0.999968,0,0,0
419,0.00239411,0.0809966,-0.0208569,0,0,0,-0.00120997,0.00434133,0.00650519,0.999969,0,0,0
420,0.000299171,0.0876148,0.0109224,0,0,0,-0.00118947,0.00433667,0.0065268,0.999969,0,0,0
421,0.0296972,0.0740602,0.00837421,0,0,0,-0.00118829,0.00431043,0.00652267,0.999969,0,0,0
422,0.0174454,0.0731572,0.0388336,0,0,0,-0.00118876,0.00430948,0.0065341,0.999969,0,0,0
423,0.0615842,0.056704,-0.000794411,0,0,0,-0.00120231,0.00439473,0.00648297,0.999969,0,0,0
424,0.0615842,0.056704,-0.000794411,0,0,0,-0.00120231,0.00439473,0.00648297,0.999969,0,0,0
425,0.0694375,0.0423071,0.0153399,0,0,0,-0.00117458,0.0044157,0.00651161,0.999968,0,0,0
426,0.0576233,0.0377016,-0.0044899,0,0,0,-0.00115278,0.0043902,0.00651908,0.999968,0,0,0
427,0.0631421,0.0529209,0.0219707,0,0,0,-0.00117833,0.00440003,0.00651808,0.999968,0,0,0
428,0.0372146,0.0384002,0.0042038,0,0,0,-0.00117709,0.00441107,0.00653499,0.999968,0,0,0
429,0.0420678,0.0343344,0.0392771,0,0,0,-0.00117208,0.00439572,0.00652728,0.999968,0,0,0
430,0.0470912,0.0449771,0.00409889,0,0,0,-0.00117436,0.0043796,0.00652814,0.999968,0,0,0
431,0.0384846,0.0389678,0.0184174,0,0,0,-0.00110944,0.00436206,0.00650106,0.999969,0,0,0
432,0.0384846,0.0389678,0.0184174,0,0,0,-0.00110944,0.00436206,0.00650106,0.999969,0,0,0
433,0.0440534,0.0480304,-0.00964165,0,0,0,-0.0011056,0.00436396,0.00650911,0.999969,0,0,0
434,0.0440534,0.0480304,-0.00964165,0,0,0,-0.0011056,0.00436396,0.00650911,0.999969,0,0,0
435,0.0380537,0.0516669,0.0273924,0,0,0,-0.00109005,0.00435887,0.00648634,0.999969,0,0,0
436,0.0337705,0.0155767,0.0683393,0,0,0,-0.00107618,0.00434208,0.00650419,0.999969,0,0,0
437,-0.00390431,0.0522403,0.0210447,0,0,0,-0.00106782,0.00432763,0.00651774,0.999969,0,0,0
438,-0.0120492,0.0768037,-0.0377998,0,0,0,-0.00104075,0.00431273,0.00654454,0.999969,0,0,0
439,-0.0197264,0.0604487,0.0287447,0,0,0,-0.00101277,0.00433551,0.00647374,0.999969,0,0,0
440,-0.0197264,0.0604487,0.0287447,0,0,0,-0.00101277,0.00433551,0.00647374,0.999969,0,0,0
441,0.00654856,0.0576466,0.0147982,0,0,0,-0.00103081,0.00432487,0.00649832,0.999969,0,0,0
442,0.00335037,0.0638556,0.00388718,0,0,0,-0.00101743,0.00431605,0.00648701,0.999969,0,0,0
443,0.0242911,0.0453015,0.00189686,0,0,0,-0.00105869,0.0043836,0.00648309,0.999969,0,0,0
444,0.0184602,0.0136105,0.0200901,0,0,0,-0.00107427,0.00439629,0.00650237,0.999969,0,0,0
445,0.00533191,0.0604891,0.00388718,0,0,0,-0.00108513,0.00439354,0.00652195,0.999968,0,0,0
446,0.0616671,0.0163208,0.0145378,0,0,0,-0.00109132,0.00440443,0.00654229,0.999968,0,0,0
447,0.0465655,0.049947,0.0173702,0,0,0,-0.00116053,0.0044035,0.00647915,0.999969,0,0,0
448,0.0465655,0.049947,0.0173702,0,0,0,-0.00116053,0.0044035,0.00647915,0.999969,0,0,0
449,0.038591,0.0454913,-0.00247002,0,0,0,-0.00114979,0.00441514,0.00649029,0.999969,0,0,0
450,0.0334707,0.0478477,0.0430794,0,0,0,-0.00115443,0.00441322,0.00650373,0.999968,0,0,0
451,0.0409097,0.0614794,0.04916,0,0,0,-0.00110265,0.00446768,0.00645695,0.999968,0,0,0
452,0.0173088,0.0618895,-0.00711536,0,0,0,-0.00110265,0.00446768,0.00645695,0.999968,0,0,0
453,0.0394131,0.033552,0.0212793,0,0,0,-0.00108107,0.00445635,0.00647037,0.999968,0,0,0
454,0.0287499,0.0587703,0.0302896,0,0,0,-0.00109122,0.00451786,0.00640351,0.999969,0,0,0
455,0.0317742,0.0397419,0.00897598,0,0,0,-0.0010999,0.00449691,0.00643503,0.999969,0,0,0
456,0.0317742,0.0397419,0.00897598,0,0,0,-0.0010999,0.00449691,0.00643503,0.999969,0,0,0
457,0.0249156,0.0686072,0.00419235,0,0,0,-0.00112184,0.00450928,0.0064463,0.999968,0,0,0
458,0.00735797,0.0712929,0.0185604,0,0,0,-0.00110277,0.00450203,0.00644522,0.999968,0,0,0
459,0.00231039,0.0649285,-0.0359325,0,0,0,-0.00111637,0.00450273,0.00642375,0.999969,0,0,0
460,0.00231039,0.0649285,-0.0359325,0,0,0,-0.00111637,0.00450273,0.00642375,0.999969,0,0,0
461,0.01602,0.0659925,0.0683079,0,0,0,-0.00111325,0.00449407,0.00641721,0.999969,0,0,0
462,0.027872,0.0874207,0.00265694,0,0,0,-0.00113228,0.00447525,0.00641638,0.999969,0,0,0
463,0.0218332,0.0925537,0.00982094,0,0,0,-0.00107893,0.0044463,0.00645965,0.999969,0,0,0
464,0.0355412,0.0578921,0.0103188,0,0,0,-0.00105661,0.00445064,0.00646627,0.999969,0,0,0
465,0.0529086,0.0565173,0.00544167,0,0,0,-0.00105391,0.00444061,0.00647878,0.999969,0,0,0
466,0.0223396,0.0552384,0.0322323,0,0,0,-0.00105921,0.00442379,0.00649769,0.999969,0,0,0
467,-0.00653609,0.0663458,0.0153542,0,0,0,-0.00111512,0.00442269,0.00651013,0.999968,0,0,0
468,-0.00653609,0.0663458,0.0153542,0,0,0,-0.00111512,0.00442269,0.00651013,0.999968,0,0,0
469,0.0454592,0.0253491,0.035018,0,0,0,-0.00111979,0.00441409,0.00653186,0.999968,0,0,0
470,0.00613774,0.0524295,0.0148296,0,0,0,-0.00111982,0.00442721,0.0065495,0.999968,0,0,0
471,0.0127308,0.0335,0.0134325,0,0,0,-0.00102985,0.0044105,0.00647798,0.999969,0,0,0
472,0.0274249,0.0125085,-0.00891304,0,0,0,-0.00104197,0.00440448,0.00646578,0.999969,0,0,0
473,0.0256837,0.0183883,0.0110083,0,0,0,-0.00106124,0.00441017,0.00646927,0.999969,0,0,0
474,0.0365966,0.0400871,-0.0109806,0,0,0,-0.00106736,0.00441416,0.00646185,0.999969,0,0,0
475,0.0297502,0.0289949,0.0270605,0,0,0,-0.00107092,0.00441864,0.00643518,0.999969,0,0,0
476,0.0297502,0.0289949,0.0270605,0,0,0,-0.00107092,0.00441864,0.00643518,0.999969,0,0,0
477,0.0408731,0.0277312,0.0255566,0,0,0,-0.00107955,0.00441806,0.00641553,0.999969,0,0,0
478,0.0358248,0.0496383,-0.00199127,0,0,0,-0.00107033,0.00441521,0.00643248,0.999969,0,0,0
479,0.0319158,0.0645826,0.0416431,0,0,0,-0.00104418,0.00444391,0.0063562,0.999969,0,0,0
480,0.0404617,0.0659862,-0.0158424,0,0,0,-0.00102488,0.00443023,0.00636607,0.999969,0,0,0
481,0.0056625,0.0691154,0.0427742,0,0,0,-0.0010255,0.00443511,0.0063847,0.999969,0,0,0
482,0.02751,0.0436829,0.0113649,0,0,0,-0.00110287,0.00443764,0.00635354,0.999969,0,0,0
483,0.042034,0.0760925,-0.0434065,0,0,0,-0.00110067,0.00443907,0.00637623,0.999969,0,0,0
484,0.042034,0.0760925,-0.0434065,0,0,0,-0.00110067,0.00443907,0.00637623,0.999969,0,0,0
485,0.0637762,0.0749386,0.0285339,0,0,0,-0.00109156,0.00444,0.00639294,0.999969,0,0,0
486,0.0223865,0.0636251,0.0094347,0,0,0,-0.00108527,0.00441734,0.00640045,0.999969,0,0,0
487,0.0200921,0.0729639,0.0103712,0,0,0,-0.00114014,0.00444394,0.00640367,0.999969,0,0,0
488,0.0200921,0.0729639,0.0103712,0,0,0,-0.00114014,0.00444394,0.00640367,0.999969,0,0,0
489,0.0270712,0.0447976,0.0369883,0,0,0,-0.00111675,0.00442945,0.0064117,0.999969,0,0,0
490,0.0144324,0.0643446,-0.0075779,0,0,0,-0.00111317,0.00443766,0.00645434,0.999969,0,0,0
491,0.00889713,0.0700514,-0.0251083,0,0,0,-0.00116262,0.0044516,0.00639768,0.999969,0,0,0
492,0.0429312,0.0518472,0.0230885,0,0,0,-0.00114777,0.00446933,0.00640451,0.999969,0,0,0
493,0.0388589,0.0629911,0.0121756,0,0,0,-0.001135,0.00449362,0.00643941,0.999968,0,0,0
494,0.0339744,0.0434058,0.0198641,0,0,0,-0.00113934,0.00449844,0.00646469,0.999968,0,0,0
495,0.0274444,0.0468867,0.0184841,0,0,0,-0.00124712,0.00453906,0.00647221,0.999968,0,0,0
496,0.0274444,0.0468867,0.0184841,0,0,0,-0.00124712,0.00453906,0.00647221,0.999968,0,0,0
497,0.0247093,0.0233089,0.0133858,0,0,0,-0.00124885,0.0045399,0.00647554,0.999968,0,0,0
498,0.0324274,0.0330625,0.0232515,0,0,0,-0.00124803,0.00453111,0.00649277,0.999968,0,0,0
499,0.00377711,0.0355489,0.0324869,0,0,0,-0.00123755,0.00457959,0.00645718,0.999968,0,0,0
500,0.0364582,0.0225464,0.028471,0,0,0,-0.00123967,0.00455787,0.00645282,0.999968,0,0,0
501,-0.00551673,0.038418,0.0173416,0,0,0,-0.0012468,0.00454324,0.00643811,0.999968,0,0,0
502,0.00913302,0.0326674,0.0167942,0,0,0,-0.00119761,0.00461485,0.00633827,0.999969,0,0,0
503,0.00168652,0.0634921,0.0300283,0,0,0,-0.00119206,0.00463038,0.00635298,0.999968,0,0,0
504,0.00168652,0.0634921,0.0300283,0,0,0,-0.00119206,0.00463038,0.00635298,0.999968,0,0,0
505,4.83207e-05,0.0521166,0.0338697,0,0,0,-0.00118159,0.00460569,0.00636859,0.999968,0,0,0
506,0.0111292,0.0577937,0.0451374,0,0,0,-0.00117918,0.00458355,0.00638316,0.999968,0,0,0
507,0.0322122,0.0386489,0.015646,0,0,0,-0.00118593,0.00462206,0.00637937,0.999968,0,0,0
508,0.0227832,0.0648312,0.0232096,0,0,0,-0.00118648,0.00463522,0.0063754,0.999968,0,0,0
509,0.0222458,0.0738124,-0.00290203,0,0,0,-0.00120672,0.00466185,0.00639188,0.999968,0,0,0
510,0.0534186,0.0433517,0.0168781,0,0,0,-0.00119152,0.00468514,0.00634339,0.999968,0,0,0
511,0.0424115,0.0499786,0.0197973,0,0,0,-0.00117701,0.00468863,0.00635683,0.999968,0,0,0
512,0.0424115,0.0499786,0.0197973,0,0,0,-0.00117701,0.00468863,0.00635683,0.999968,0,0,0
513,0.00317831,0.0877084,0.000515938,0,0,0,-0.00117147,0.00467892,0.0063775,0.999968,0,0,0
514,0.0203102,0.0529013,0.028017,0,0,0,-0.00117248,0.00465968,0.00639614,0.999968,0,0,0
515,0.0408473,0.054903,0.0145702,0,0,0,-0.00120202,0.00468686,0.00638228,0.999968,0,0,0
516,0.0408473,0.054903,0.0145702,0,0,0,-0.00120202,0.00468686,0.00638228,0.999968,0,0,0
517,0.0342917,0.0774522,0.0159636,0,0,0,-0.00117178,0.00468533,0.00637984,0.999968,0,0,0
518,0.0368165,0.06378,0.0259485,0,0,0,-0.00116778,0.00466917,0.00638009,0.999968,0,0,0
519,0.052993,0.0641217,0.000204086,0,0,0,-0.00113783,0.00470515,0.00632863,0.999968,0,0,0
520,0.0669275,0.0578388,0.0034399,0,0,0,-0.00113303,0.00470705,0.00633244,0.999968,0,0,0
521,0.0590341,0.0590247,0.022459,0,0,0,-0.00114533,0.00470285,0.00633929,0.999968,0,0,0
522,0.0460825,0.0524493,0.00457954,0,0,0,-0.00113084,0.00470892,0.0063428,0.999968,0,0,0
523,0.0222494,0.0574129,0.0113926,0,0,0,-0.00116481,0.00470625,0.0063539,0.999968,0,0,0
524,0.0222494,0.0574129,0.0113926,0,0,0,-0.00116481,0.00470625,0.0063539,0.999968,0,0,0
525,0.0348956,0.0569113,0.0131969,0,0,0,-0.00112762,0.00470894,0.00639218,0.999968,0,0,0
526,0.0348956,0.0569113,0.0131969,0,0,0,-0.00112762,0.00470894,0.00639218,0.999968,0,0,0
527,0.036306,0.0724958,0.0159788,0,0,0,-0.00115625,0.0047718,0.00630972,0.999968,0,0,0
528,0.0217722,0.0799302,0.0217543,0,0,0,-0.00115527,0.00476027,0.00633324,0.999968,0,0,0
529,0.0139826,0.0533696,0.00390148,0,0,0,-0.00116032,0.00476192,0.00633989,0.999968,0,0,0
530,0.00505783,0.0454907,0.0376844,0,0,0,-0.00117549,0.00476111,0.00639023,0.999968,0,0,0
531,-0.0394372,0.140871,-0.11554,0,0,0,-0.00118896,0.00477301,0.00640368,0.999967,0,0,0
532,-0.0394372,0.140871,-0.11554,0,0,0,-0.00118896,0.00477301,0.00640368,0.999967,0,0,0
533,0.0304433,-0.0349235,0.00266933,0,0,0,-0.00119627,0.00478216,0.00641821,0.999967,0,0,0
534,0.0969539,0.00907876,0.0949202,0,0,0,-0.00117788,0.00479267,0.00645806,0.999967,0,0,0
535,0.0623385,0.0237561,-0.00826168,0,0,0,-0.00113805,0.00472909,0.00640157,0.999968,0,0,0
536,0.0506714,0.0620003,0.0334454,0,0,0,-0.0011176,0.00473276,0.00640497,0.999968,0,0,0
537,0.0238232,0.0482473,0.0284891,0,0,0,-0.00112467,0.00472807,0.00641478,0.999968,0,0,0
538,0.0735294,0.0592241,-0.0677824,0,0,0,-0.00117357,0.00478459,0.00641585,0.999967,0,0,0
539,0.0217119,0.0297456,0.0708008,0,0,0,-0.00117449,0.00477085,0.00642994,0.999967,0,0,0
540,0.0217119,0.0297456,0.0708008,0,0,0,-0.00117449,0.00477085,0.00642994,0.999967,0,0,0
541,0.0376272,0.0403412,0.0412149,0,0,0,-0.00115294,0.00477922,0.00644882,0.999967,0,0,0
542,0.0439732,0.0410786,-0.0200338,0,0,0,-0.00114963,0.00478372,0.00646604,0.999967,0,0,0
543,-0.195536,0.135879,-0.512662,0,0,0,-0.00119886,0.00479642,0.00646423,0.999967,0,0,0
544,-0.195536,0.135879,-0.512662,0,0,0,-0.00119886,0.00479642,0.00646423,0.999967,0,0,0
545,-0.0584828,-0.190609,0.65675,0,0,0,-0.00118414,0.00477793,0.00649994,0.999967,0,0,0
546,-0.0139523,0.204384,-0.0789948,0,0,0,-0.00118334,0.00476504,0.00651185,0.999967,0,0,0
547,0.228577,0.0101563,0.0909634,0,0,0,-0.00124643,0.00478603,0.00650522,0.999967,0,0,0
548,0.182644,0.0972302,-0.0750303,0,0,0,-0.00122948,0.00479447,0.00652449,0.999967,0,0,0
549,0.0193043,0.0346447,0.180389,0,0,0,-0.00126547,0.00478059,0.00652019,0.999967,0,0,0
550,0.0639791,0.0772147,-0.144156,0,0,0,-0.00125495,0.00477288,0.00652099,0.999967,0,0,0
551,0.0543332,0.0698152,-0.0539074,0,0,0,-0.00134169,0.0048382,0.00656379,0.999966,0,0,0
552,0.0543332,0.0698152,-0.0539074,0,0,0,-0.00134169,0.0048382,0.00656379,0.999966,0,0,0
553,0.0715701,0.0554889,0.103963,0,0,0,-0.00135541,0.00486441,0.00658605,0.999966,0,0,0
554,0.0424471,0.0842013,-0.03442,0,0,0,-0.00133454,0.00486359,0.00656725,0.999966,0,0,0
555,0.0145567,0.0623019,-0.0132275,0,0,0,-0.00131509,0.00482754,0.00659911,0.999966,0,0,0
556,0.020336,0.038955,-0.00226688,0,0,0,-0.00132652,0.0048096,0.00661557,0.999966,0,0,0
557,0.0258494,0.0981718,0.0420294,0,0,0,-0.00133202,0.00479399,0.00661296,0.999966,0,0,0
558,0.0135871,0.130096,-0.0984201,0,0,0,-0.0013372,0.00478461,0.00662391,0.999966,0,0,0
559,0.0154485,0.107055,0.0145664,0,0,0,-0.00135079,0.0048076,0.00655229,0.999966,0,0,0
560,0.0154485,0.107055,0.0145664,0,0,0,-0.00135079,0.0048076,0.00655229,0.999966,0,0,0
561,0.0200163,0.0960202,0.033534,0,0,0,-0.00135511,0.00478942,0.00657617,0.999966,0,0,0
562,0.00309189,0.0534106,-0.00455379,0,0,0,-0.00135404,0.00479352,0.00658701,0.999966,0,0,0
563,0.0119037,0.105461,-0.0186148,0,0,0,-0.00138651,0.00475362,0.00658136,0.999966,0,0,0
564,0.0193332,0.0559816,0.0702372,0,0,0,-0.00140116,0.00474283,0.0066081,0.999966,0,0,0
565,0.0389457,0.0713066,-0.0372105,0,0,0,-0.00141693,0.00474075,0.00662266,0.999966,0,0,0
566,0.0232177,0.0511047,0.0360651,0,0,0,-0.00141661,0.00473778,0.00663534,0.999966,0,0,0
567,0.025176,0.0682179,0.0487833,0,0,0,-0.00140131,0.00474079,0.00659765,0.999966,0,0,0
568,0.025176,0.0682179,0.0487833,0,0,0,-0.00140131,0.00474079,0.00659765,0.999966,0,0,0
569,0.0360372,0.0536048,0.0416451,0,0,0,-0.00139779,0.00472176,0.00659773,0.999966,0,0,0
570,0.0118718,0.0929337,0.0175047,0,0,0,-0.00139224,0.00474314,0.0065905,0.999966,0,0,0
571,0.0410762,0.0619054,0.0344677,0,0,0,-0.00138667,0.00475614,0.00655306,0.999966,0,0,0
572,0.0298867,0.0548829,-0.0166378,0,0,0,-0.00138003,0.00476669,0.00657465,0.999966,0,0,0
573,0.0178771,0.0361502,0.0774603,0,0,0,-0.00137858,0.00476225,0.00656323,0.999966,0,0,0
574,0.0267691,0.0648172,-0.00717735,0,0,0,-0.00134388,0.00477665,0.00652872,0.999966,0,0,0
575,0.0227533,0.0720399,0.0336218,0,0,0,-0.00133662,0.0047536,0.00653176,0.999967,0,0,0
576,0.0227533,0.0720399,0.0336218,0,0,0,-0.00133662,0.0047536,0.00653176,0.999967,0,0,0
577,0.0494779,0.0655272,0.0125589,0,0,0,-0.00134391,0.00475221,0.00653851,0.999967,0,0,0
578,0.0419876,0.0738844,0.0211096,0,0,0,-0.00135368,0.00473342,0.0065423,0.999967,0,0,0
579,0.0265225,0.0498055,-0.0218143,0,0,0,-0.00137537,0.00475986,0.00655088,0.999966,0,0,0
580,0.0265225,0.0498055,-0.0218143,0,0,0,-0.00137537,0.00475986,0.00655088,0.999966,0,0,0
581,0.0282142,0.03892,0.0460529,0,0,0,-0.00137282,0.00475818,0.00656156,0.999966,0,0,0
582,0.0200202,0.0450081,-0.0241175,0,0,0,-0.0013768,0.00475157,0.0065889,0.999966,0,0,0
583,0.0366419,0.0477189,0.0222197,0,0,0,-0.00138146,0.00473195,0.00650967,0.999967,0,0,0
584,0.0280145,0.0341559,0.0119209,0,0,0,-0.00138586,0.0047403,0.00652145,0.999967,0,0,0
585,0.0205484,0.0516131,-0.00611782,0,0,0,-0.00138473,0.00474534,0.00652973,0.999966,0,0,0
586,0.0118728,0.078305,0.00141335,0,0,0,-0.00138294,0.00472243,0.00654936,0.999966,0,0,0
587,0.0553368,0.0232583,0.0288086,0,0,0,-0.00141196,0.00469706,0.00657622,0.999966,0,0,0
588,0.0553368,0.0232583,0.0288086,0,0,0,-0.00141196,0.00469706,0.00657622,0.999966,0,0,0
589,0.030161,0.0592208,0.00988293,0,0,0,-0.00141293,0.00469003,0.00657359,0.999966,0,0,0
590,0.0207766,0.0675645,0.0232038,0,0,0,-0.00138995,0.00468567,0.00657242,0.999966,0,0,0
591,0.0122197,0.0404845,0.0162888,0,0,0,-0.00131753,0.00468041,0.00649318,0.999967,0,0,0
592,0.0462628,0.0676954,-0.00498295,0,0,0,-0.00130163,0.00467475,0.00652434,0.999967,0,0,0
593,0.00376374,0.02809,0.019249,0,0,0,-0.00129946,0.00467329,0.00653908,0.999967,0,0,0
594,-0.000666671,0.043376,0.0177927,0,0,0,-0.00130385,0.00466525,0.0065367,0.999967,0,0,0
595,-0.0145932,0.0713835,-0.00355244,0,0,0,-0.00136103,0.00470795,0.00654316,0.999967,0,0,0
596,-0.0145932,0.0713835,-0.00355244,0,0,0,-0.00136103,0.00470795,0.00654316,0.999967,0,0,0
597,0.029461,0.0467281,0.0298758,0,0,0,-0.00135896,0.00470083,0.00657008,0.999966,0,0,0
598,0.029461,0.0467281,0.0298758,0,0,0,-0.00135896,0.00470083,0.00657008,0.999966,0,0,0
599,0.029478,0.048817,-0.00619316,0,0,0,-0.00139742,0.00471876,0.0065175,0.999967,0,0,0
600,0.0112555,0.0582082,-0.00133514,0,0,0,-0.00139315,0.00470727,0.00652477,0.999967,0,0,0
601,0.0309358,0.0629644,0.00274181,0,0,0,-0.00140498,0.00471033,0.00652565,0.999967,0,0,0
602,0.020416,0.0574648,0.00759983,0,0,0,-0.00140925,0.00470591,0.00652111,0.999967,0,0,0
603,0.025605,0.0522333,-0.00949478,0,0,0,-0.0013898,0.00469979,0.00655061,0.999967,0,0,0
604,0.025605,0.0522333,-0.00949478,0,0,0,-0.0013898,0.00469979,0.00655061,0.999967,0,0,0
605,0.0214303,0.0731071,0.0246143,0,0,0,-0.00137334,0.00471523,0.00654905,0.999966,0,0,0
606,0.0868378,0.0587533,0.0208015,0,0,0,-0.00137026,0.00471943,0.0065585,0.999966,0,0,0
607,0.0708012,0.0645486,0.00240803,0,0,0,-0.00137008,0.00476452,0.00648298,0.999967,0,0,0
608,0.0577517,0.0598239,0.00633526,0,0,0,-0.00138308,0.00475331,0.00648033,0.999967,0,0,0
609,0.0619301,0.0414817,0.0301008,0,0,0,-0.0013743,0.00474823,0.00647286,0.999967,0,0,0
610,0.079691,0.0646268,0.00282669,0,0,0,-0.00134301,0.00475499,0.00643964,0.999967,0,0,0
611,0.0588127,0.0617944,0.0124912,0,0,0,-0.00133982,0.00474077,0.006437,0.999967,0,0,0
612,0.0588127,0.0617944,0.0124912,0,0,0,-0.00133982,0.00474077,0.006437,0.999967,0,0,0
613,0.0463416,0.0719292,-0.00356197,0,0,0,-0.00130803,0.00474968,0.00644888,0.999967,0,0,0
614,0.0468696,0.0530125,0.0183067,0,0,0,-0.00133282,0.00473583,0.00645439,0.999967,0,0,0
615,0.0370776,0.0673025,0.0235491,0,0,0,-0.00129394,0.00471272,0.00645221,0.999967,0,0,0
616,0.0370776,0.0673025,0.0235491,0,0,0,-0.00129394,0.00471272,0.00645221,0.999967,0,0,0
617,0.0361665,0.0684222,0.0178699,0,0,0,-0.00129069,0.0047121,0.00646802,0.999967,0,0,0
618,0.0448097,0.0572666,0.0112085,0,0,0,-0.00128339,0.00468092,0.00645277,0.999967,0,0,0
619,0.0490003,0.0382573,0.00555897,0,0,0,-0.00128338,0.00471185,0.00647158,0.999967,0,0,0
620,0.0490003,0.0382573,0.00555897,0,0,0,-0.00128338,0.00471185,0.00647158,0.999967,0,0,0
621,0.0193204,0.0536725,0.0308723,0,0,0,-0.00128301,0.00469816,0.00649096,0.999967,0,0,0
622,0.0149878,0.0911358,0.018898,0,0,0,-0.00130281,0.00469444,0.00651051,0.999967,0,0,0
623,0.0460149,0.0339688,0.00987434,0,0,0,-0.0012923,0.00476607,0.00644732,0.999967,0,0,0
624,0.0460149,0.0339688,0.00987434,0,0,0,-0.0012923,0.00476607,0.00644732,0.999967,0,0,0
625,0.0247501,0.0452195,0.0057373,0,0,0,-0.00128329,0.00476641,0.00646252,0.999967,0,0,0
626,0.0261779,0.0459437,0.0299177,0,0,0,-0.00127764,0.0047651,0.00648329,0.999967,0,0,0
627,0.0199282,0.0395397,0.0195503,0,0,0,-0.00132416,0.00478292,0.00642515,0.999967,0,0,0
628,0.0128568,0.0451701,0.000621796,0,0,0,-0.00129792,0.00478417,0.00645494,0.999967,0,0,0
629,0.0239544,0.0339118,-0.00133038,0,0,0,-0.00129241,0.00478103,0.00645864,0.999967,0,0,0
630,0.0239544,0.0339118,-0.00133038,0,0,0,-0.00129241,0.00478103,0.00645864,0.999967,0,0,0
631,0.01084,0.0393528,0.0210667,0,0,0,-0.00128212,0.00482274,0.00641114,0.999967,0,0,0
632,0.016439,0.0454939,0.0167131,0,0,0,-0.00127452,0.00481147,0.00642726,0.999967,0,0,0
633,0.0336408,0.0543243,-0.00384903,0,0,0,-0.00127439,0.00483328,0.00647672,0.999966,0,0,0
634,0.0538491,0.0488611,0.0163841,0,0,0,-0.00127439,0.00483328,0.00647672,0.999966,0,0,0
635,0.062354,0.0356717,0.00451183,0,0,0,-0.00135124,0.00485266,0.00649589,0.999966,0,0,0
636,0.061397,0.034713,0.00878525,0,0,0,-0.00135488,0.00484037,0.00651722,0.999966,0,0,0
637,0.0492413,0.0433761,0.00791168,0,0,0,-0.00134918,0.00483658,0.00653244,0.999966,0,0,0
638,0.028516,0.0453446,0.0256319,0,0,0,-0.00134305,0.00483742,0.00651429,0.999966,0,0,0
639,0.0407488,0.0547845,0.0188513,0,0,0,-0.00149382,0.00494785,0.00657984,0.999965,0,0,0
640,0.0407488,0.0547845,0.0188513,0,0,0,-0.00149382,0.00494785,0.00657984,0.999965,0,0,0
641,0.0657452,0.0393353,0.0134897,0,0,0,-0.00148968,0.00493667,0.00659068,0.999965,0,0,0
642,0.0654227,0.0445728,0.0215235,0,0,0,-0.00148553,0.00493466,0.00660245,0.999965,0,0,0
643,0.0502952,0.0546442,0.00880814,0,0,0,-0.0015126,0.00493101,0.00658881,0.999965,0,0,0
644,0.0388686,0.0562776,0.0117407,0,0,0,-0.00150288,0.00493236,0.00660856,0.999965,0,0,0
645,0.0394527,0.0515276,0.019351,0,0,0,-0.00150154,0.00495059,0.00663314,0.999965,0,0,0
646,0.0616497,0.0546104,0.00112724,0,0,0,-0.00155341,0.00496304,0.00666392,0.999964,0,0,0
647,0.0564087,0.0631752,0.0139256,0,0,0,-0.00156124,0.00495688,0.00668045,0.999964,0,0,0
648,0.0564087,0.0631752,0.0139256,0,0,0,-0.00156124,0.00495688,0.00668045,0.999964,0,0,0
649,0.0351733,0.0269306,0.0109673,0,0,0,-0.00157041,0.00496944,0.00668628,0.999964,0,0,0
650,0.0302925,0.0659094,-0.00529671,0,0,0,-0.00158827,0.00498785,0.00670019,0.999964,0,0,0
651,0.0404917,0.0808413,0.0182648,0,0,0,-0.00154181,0.00495004,0.00666837,0.999964,0,0,0
652,0.0404917,0.0808413,0.0182648,0,0,0,-0.00154181,0.00495004,0.00666837,0.999964,0,0,0
653,0.0221007,0.0657024,0.0189638,0,0,0,-0.00153604,0.00493136,0.00668658,0.999964,0,0,0
654,0.0292162,0.0571954,0.0236769,0,0,0,-0.00150491,0.00492742,0.00665825,0.999965,0,0,0
655,0.0306795,0.0471821,0.0270357,0,0,0,-0.00150348,0.00492311,0.00667316,0.999964,0,0,0
656,0.0306795,0.0471821,0.0270357,0,0,0,-0.00150348,0.00492311,0.00667316,0.999964,0,0,0
657,0.0196631,0.0790571,-4.48227e-05,0,0,0,-0.00149517,0.00493151,0.00669026,0.999964,0,0,0
658,0.0137303,0.0520997,0.0186205,0,0,0,-0.0015069,0.00495317,0.00671746,0.999964,0,0,0
659,0.0398899,0.0544292,0.00937176,0,0,0,-0.00153734,0.00495794,0.00667918,0.999964,0,0,0
660,0.0398899,0.0544292,0.00937176,0,0,0,-0.00153734,0.00495794,0.00667918,0.999964,0,0,0
661,0.0641579,0.0395096,0.000685692,0,0,0,-0.00154796,0.00495915,0.00670052,0.999964,0,0,0
662,0.03388,0.0720357,-0.00300121,0,0,0,-0.00156871,0.00494903,0.00670311,0.999964,0,0,0
663,0.0254695,0.0841861,0.0126781,0,0,0,-0.00155607,0.00494403,0.00674108,0.999964,0,0,0
664,0.0342246,0.0762099,0.0140553,0,0,0,-0.00158123,0.00492245,0.00674452,0.999964,0,0,0
665,0.0101171,0.0569681,0.0133982,0,0,0,-0.00158671,0.00491267,0.00676675,0.999964,0,0,0
666,0.0369918,0.0395314,0.0127802,0,0,0,-0.00155189,0.00491285,0.00678233,0.999964,0,0,0
667,0.0345564,0.0631457,0.0406742,0,0,0,-0.0016194,0.0048997,0.00671863,0.999964,0,0,0
668,0.0345564,0.0631457,0.0406742,0,0,0,-0.0016194,0.0048997,0.00671863,0.999964,0,0,0
669,0.0503163,0.0335893,0.0207624,0,0,0,-0.00160392,0.00490646,0.00671271,0.999964,0,0,0
670,0.0503163,0.0335893,0.0207624,0,0,0,-0.00160392,0.00490646,0.00671271,0.999964,0,0,0
671,0.0446311,0.0426672,-0.00437737,0,0,0,-0.0015481,0.00492384,0.00668705,0.999964,0,0,0
672,0.0334699,0.0533283,0.00849247,0,0,0,-0.00153971,0.00493739,0.00669952,0.999964,0,0,0
673,0.0613884,0.057753,0.0143814,0,0,0,-0.00154661,0.00495424,0.00671968,0.999964,0,0,0
674,0.0583577,0.0437249,0.00166512,0,0,0,-0.00155077,0.00494277,0.00673031,0.999964,0,0,0
675,0.0477665,0.0529483,0.030179,0,0,0,-0.00160757,0.00493705,0.00678079,0.999964,0,0,0
676,0.0477665,0.0529483,0.030179,0,0,0,-0.00160757,0.00493705,0.00678079,0.999964,0,0,0
677,0.0439144,0.06122,-0.0153618,0,0,0,-0.00161114,0.00494758,0.00681169,0.999963,0,0,0
678,0.03389,0.0428528,0.0104237,0,0,0,-0.0016091,0.00495447,0.00682063,0.999963,0,0,0
679,0.0484835,0.0283243,0.00894737,0,0,0,-0.00168475,0.00496469,0.00684321,0.999963,0,0,0
680,0.0362745,0.0754849,0.0206833,0,0,0,-0.00169135,0.00495359,0.00684342,0.999963,0,0,0
681,0.0346983,0.0862156,-0.00165176,0,0,0,-0.00169373,0.00493583,0.00685148,0.999963,0,0,0
682,0.0346444,0.07553,-0.00824356,0,0,0,-0.00173566,0.0049667,0.00685821,0.999963,0,0,0
683,0.0494502,0.0497525,0.0221128,0,0,0,-0.00173815,0.00496692,0.00686792,0.999963,0,0,0
684,0.0494502,0.0497525,0.0221128,0,0,0,-0.00173815,0.00496692,0.00686792,0.999963,0,0,0
685,0.0247606,0.0790041,0.0202942,0,0,0,-0.00174152,0.00496858,0.00685842,0.999963,0,0,0
686,0.0518679,0.0583029,0.011137,0,0,0,-0.00174059,0.00496468,0.0068735,0.999963,0,0,0
687,0.0299341,0.089483,0.0159216,0,0,0,-0.00174613,0.00495946,0.00685114,0.999963,0,0,0
688,0.0299341,0.089483,0.0159216,0,0,0,-0.00174613,0.00495946,0.00685114,0.999963,0,0,0
689,0.0169394,0.0740195,0.00804901,0,0,0,-0.00174934,0.0049586,0.00687401,0.999962,0,0,0
690,0.0296986,0.0600886,0.024127,0,0,0,-0.00177229,0.00493256,0.00688244,0.999963,0,0,0
691,0.0296986,0.0600886,0.024127,0,0,0,-0.00177229,0.00493256,0.00688244,0.999963,0,0,0
692,0.0197806,0.0814682,0.0483017,0,0,0,-0.00178385,0.00491527,0.00691042,0.999962,0,0,0
693,0.00323562,0.0794096,0.00196457,0,0,0,-0.00177639,0.00490861,0.00693158,0.999962,0,0,0
694,0.00323562,0.0794096,0.00196457,0,0,0,-0.00177639,0.00490861,0.00693158,0.999962,0,0,0
695,0.0210223,0.0841451,0.0383158,0,0,0,-0.00179371,0.00486077,0.00700382,0.999962,0,0,0
696,0.0266527,0.0747292,0.0307169,0,0,0,-0.00178807,0.00484773,0.00700315,0.999962,0,0,0
697,0.0343344,0.0544273,0.0307608,0,0,0,-0.00178687,0.00486228,0.0069813,0.999962,0,0,0
698,0.050648,0.071204,0.00776577,0,0,0,-0.00178687,0.00486228,0.0069813,0.999962,0,0,0
699,0.0285753,0.0870087,0.00787067,0,0,0,-0.00180882,0.00486165,0.00703648,0.999962,0,0,0
700,0.0277778,0.0784868,0.0164518,0,0,0,-0.00179552,0.00485962,0.00703163,0.999962,0,0,0
701,0.0143491,0.072189,0.0128183,0,0,0,-0.00178511,0.00487047,0.00703481,0.999962,0,0,0
702,0.0220049,0.0473013,0.0309105,0,0,0,-0.00177118,0.00489724,0.00705062,0.999961,0,0,0
703,0.0430099,0.0442039,0.0335827,0,0,0,-0.0017372,0.00488226,0.00703964,0.999962,0,0,0
704,0.0430099,0.0442039,0.0335827,0,0,0,-0.0017372,0.00488226,0.00703964,0.999962,0,0,0
705,0.0549557,0.0344962,0.0373154,0,0,0,-0.00171929,0.00486903,0.0070429,0.999962,0,0,0
706,0.0281508,0.0671239,0.0226774,0,0,0,-0.00171596,0.00486585,0.00703602,0.999962,0,0,0
707,0.0470509,0.0691642,0.0101776,0,0,0,-0.00171596,0.00492457,0.00702577,0.999962,0,0,0
708,0.0574424,0.0469444,0.00403214,0,0,0,-0.00171637,0.00491757,0.00702008,0.999962,0,0,0
709,0.0405327,0.0415161,0.0117846,0,0,0,-0.00171986,0.00490234,0.00702551,0.999962,0,0,0
710,0.0596666,0.0514346,0.0106258,0,0,0,-0.00164524,0.00491282,0.00692747,0.999963,0,0,0
711,0.0496636,0.049882,0.0164165,0,0,0,-0.00164696,0.00491374,0.0069496,0.999962,0,0,0
712,0.0496636,0.049882,0.0164165,0,0,0,-0.00164696,0.00491374,0.0069496,0.999962,0,0,0
713,0.0462169,0.0740616,0.0376787,0,0,0,-0.00163358,0.00491326,0.00695427,0.999962,0,0,0
714,0.0358077,0.0475634,0.00895691,0,0,0,-0.00162813,0.0048964,0.00692951,0.999963,0,0,0
715,0.041583,0.0365351,0.0421724,0,0,0,-0.00160133,0.00492424,0.00692402,0.999963,0,0,0
716,0.041583,0.0365351,0.0421724,0,0,0,-0.00160133,0.00492424,0.00692402,0.999963,0,0,0
717,0.0392348,0.0815669,0.0206413,0,0,0,-0.00159171,0.00493138,0.00692778,0.999963,0,0,0
718,0.0337166,0.0660816,0.0126886,0,0,0,-0.00158869,0.00487465,0.00694832,0.999963,0,0,0
719,0.0337166,0.0660816,0.0126886,0,0,0,-0.00158869,0.00487465,0.00694832,0.999963,0,0,0
720,0.0380367,0.0694455,0.018321,0,0,0,-0.00160127,0.00488109,0.00696163,0.999962,0,0,0
721,0.0177706,0.0616487,0.0332289,0,0,0,-0.00161351,0.00486497,0.00698124,0.999962,0,0,0
722,0.0323256,0.0647114,-0.0048542,0,0,0,-0.00162054,0.00487832,0.00698326,0.999962,0,0,0
723,0.0350528,0.0800973,-0.0182238,0,0,0,-0.0015396,0.00489986,0.00691459,0.999963,0,0,0
724,0.0350528,0.0800973,-0.0182238,0,0,0,-0.0015396,0.00489986,0.00691459,0.999963,0,0,0
725,0.0660506,0.0505266,0.00157738,0,0,0,-0.0015566,0.00492974,0.00692377,0.999963,0,0,0
726,0.0274474,0.0670153,0.0165558,0,0,0,-0.00153374,0.00494415,0.00693509,0.999963,0,0,0
727,0.0231989,0.096181,0.00174522,0,0,0,-0.0016065,0.00496907,0.00693424,0.999962,0,0,0
728,0.0330429,0.0633738,-0.0034132,0,0,0,-0.00159171,0.00496858,0.00695704,0.999962,0,0,0
729,0.0405541,0.0722453,0.00833607,0,0,0,-0.00160391,0.0049519,0.00697185,0.999962,0,0,0
730,0.0307595,0.0755539,0.00935841,0,0,0,-0.00159165,0.00494592,0.00702244,0.999962,0,0,0
731,0.0179186,0.0770063,0.00944042,0,0,0,-0.00160001,0.00492958,0.00702613,0.999962,0,0,0
732,0.0179186,0.0770063,0.00944042,0,0,0,-0.00160001,0.00492958,0.00702613,0.999962,0,0,0
733,0.0449862,0.0817188,0.0585146,0,0,0,-0.00161207,0.0049323,0.0070276,0.999962,0,0,0
734,0.0454982,0.0559602,0.0164394,0,0,0,-0.00160203,0.00492943,0.00704976,0.999962,0,0,0
735,0.0415387,0.0448944,0.0108156,0,0,0,-0.0016078,0.00488696,0.00706645,0.999962,0,0,0
736,0.0415387,0.0448944,0.0108156,0,0,0,-0.0016078,0.00488696,0.00706645,0.999962,0,0,0
737,0.0410711,0.0687374,-0.00208759,0,0,0,-0.00160441,0.00489278,0.00705775,0.999962,0,0,0
738,0.0165701,0.0457946,0.0205212,0,0,0,-0.00156596,0.0048808,0.00705869,0.999962,0,0,0
739,0.0306801,0.057962,0.0108662,0,0,0,-0.00155556,0.00488169,0.007069,0.999962,0,0,0
740,0.0306801,0.057962,0.0108662,0,0,0,-0.00155556,0.00488169,0.007069,0.999962,0,0,0
741,0.0204194,0.0466621,0.030448,0,0,0,-0.00154714,0.00489447,0.00708394,0.999962,0,0,0
742,0.0282069,0.0619751,0.00232029,0,0,0,-0.0015446,0.00489215,0.00710298,0.999962,0,0,0
743,0.0111426,0.0579214,0.0171738,0,0,0,-0.00152294,0.00482001,0.00711182,0.999962,0,0,0
744,0.0111426,0.0579214,0.0171738,0,0,0,-0.00152294,0.00482001,0.00711182,0.999962,0,0,0
745,0.0262621,0.054919,0.0189514,0,0,0,-0.00151997,0.00480836,0.00713227,0.999962,0,0,0
746,0.0042257,0.0620857,0.0366793,0,0,0,-0.00149891,0.00481245,0.00713905,0.999962,0,0,0
747,-0.00213487,0.0680435,0.0271826,0,0,0,-0.00160107,0.00479536,0.00715913,0.999962,0,0,0
748,0.0182187,0.0566033,0.0033493,0,0,0,-0.00159485,0.0047886,0.00718255,0.999961,0,0,0
749,0.0219358,0.0723357,0.02176,0,0,0,-0.00159809,0.00479577,0.00718082,0.999961,0,0,0
750,0.0369126,0.059275,0.0273752,0,0,0,-0.00159899,0.0047928,0.00720791,0.999961,0,0,0
751,0.0192031,0.0613483,0.019949,0,0,0,-0.00158333,0.0048311,0.00719062,0.999961,0,0,0
752,0.0192031,0.0613483,0.019949,0,0,0,-0.00158333,0.0048311,0.00719062,0.999961,0,0,0
753,0.0263917,0.0502217,0.0298862,0,0,0,-0.0015717,0.00481122,0.00720615,0.999961,0,0,0
754,0.0354419,0.0821297,0.00547981,0,0,0,-0.00155841,0.004804,0.00721389,0.999961,0,0,0
755,0.0257081,0.0527067,0.00426006,0,0,0,-0.00155053,0.00480148,0.00717511,0.999962,0,0,0
756,0.0427458,0.0509305,0.00507164,0,0,0,-0.00154928,0.00477194,0.00719178,0.999962,0,0,0
757,0.043324,0.0561262,-0.00491619,0,0,0,-0.00155789,0.00477273,0.00721311,0.999961,0,0,0
758,0.0317719,0.062172,0.00228214,0,0,0,-0.00154698,0.00479241,0.00723318,0.999961,0,0,0
759,0.0564044,0.0661836,0.007267,0,0,0,-0.00151786,0.00476696,0.0072152,0.999961,0,0,0
760,0.0564044,0.0661836,0.007267,0,0,0,-0.00151786,0.00476696,0.0072152,0.999961,0,0,0
761,0.0826045,0.0621313,-0.000991821,0,0,0,-0.00150598,0.00477849,0.00723348,0.999961,0,0,0
762,0.0595302,0.0605677,0.0262327,0,0,0,-0.00151511,0.00477419,0.00724645,0.999961,0,0,0
763,0.0297919,0.084952,0.0325546,0,0,0,-0.0014472,0.00482143,0.00719732,0.999961,0,0,0
764,0.0283223,0.0929872,0.0183125,0,0,0,-0.00144767,0.00483035,0.00721629,0.999961,0,0,0
765,0.00837094,0.069387,0.00150871,0,0,0,-0.00143322,0.00483784,0.00720927,0.999961,0,0,0
766,0.0489,0.0742729,0.0310211,0,0,0,-0.00143916,0.00483664,0.00719754,0.999961,0,0,0
767,0.0291481,0.0745114,0.0335646,0,0,0,-0.0014837,0.00485145,0.00724039,0.999961,0,0,0
768,0.0291481,0.0745114,0.0335646,0,0,0,-0.0014837,0.00485145,0.00724039,0.999961,0,0,0
769,0.0264699,0.0907256,0.0254526,0,0,0,-0.00148269,0.00485827,0.0072466,0.999961,0,0,0
770,0.0321536,0.0567942,0.0160551,0,0,0,-0.00150247,0.00484186,0.00724687,0.999961,0,0,0
771,0.0447048,0.0977698,0.0124521,0,0,0,-0.00152971,0.00487505,0.00722092,0.999961,0,0,0
772,0.0206099,0.0682745,0.00282669,0,0,0,-0.00151092,0.00485939,0.00724395,0.999961,0,0,0
773,0.018737,0.0542636,0.00622177,0,0,0,-0.00152049,0.00485791,0.00724914,0.999961,0,0,0
774,0.0278902,0.0713752,0.0131836,0,0,0,-0.00151928,0.00485889,0.00728044,0.99996,0,0,0
775,0.0480935,0.0469435,0.00125027,0,0,0,-0.0015976,0.00481212,0.00727803,0.999961,0,0,0
776,0.0480935,0.0469435,0.00125027,0,0,0,-0.0015976,0.00481212,0.00727803,0.999961,0,0,0
777,0.0223528,0.0553477,0.0104513,0,0,0,-0.00159889,0.00482057,0.0072908,0.99996,0,0,0
778,0.0293658,0.0565769,0.0255709,0,0,0,-0.00159687,0.00483234,0.00728375,0.99996,0,0,0
779,0.0118394,0.0495023,0.0186338,0,0,0,-0.00165159,0.00479666,0.00733953,0.99996,0,0,0
780,0.0309158,0.0503883,0.0222645,0,0,0,-0.0016443,0.00480566,0.00735656,0.99996,0,0,0
781,0.0379654,0.0477542,0.018899,0,0,0,-0.00161878,0.0048187,0.00734693,0.99996,0,0,0
782,0.0295179,0.0605511,0.0388365,0,0,0,-0.00159737,0.00483959,0.00730707,0.99996,0,0,0
783,0.025327,0.0684941,0.0454636,0,0,0,-0.00159318,0.00482634,0.00733034,0.99996,0,0,0
784,0.025327,0.0684941,0.0454636,0,0,0,-0.00159318,0.00482634,0.00733034,0.99996,0,0,0
785,0.0300226,0.0635978,0.0207872,0,0,0,-0.00161667,0.00484941,0.00732943,0.99996,0,0,0
786,0.0303797,0.0722858,0.0117235,0,0,0,-0.00161732,0.00484296,0.00731496,0.99996,0,0,0
787,0.0301231,0.0788458,0.0254679,0,0,0,-0.00162965,0.00483883,0.00731538,0.99996,0,0,0
788,0.0301231,0.0788458,0.0254679,0,0,0,-0.00162965,0.00483883,0.00731538,0.99996,0,0,0
789,0.045647,0.0686064,0.00924492,0,0,0,-0.00162927,0.00483449,0.0073337,0.99996,0,0,0
790,0.0428164,0.0697587,-0.00163651,0,0,0,-0.00159873,0.0048532,0.00728621,0.99996,0,0,0
791,0.0428164,0.0697587,-0.00163651,0,0,0,-0.00159873,0.0048532,0.00728621,0.99996,0,0,0
792,0.0509939,0.0461056,0.015461,0,0,0,-0.00160228,0.00483657,0.00730272,0.99996,0,0,0
793,0.0499714,0.0777865,0.011055,0,0,0,-0.00160169,0.00482179,0.00730722,0.99996,0,0,0
794,0.0505445,0.0608348,-0.00974083,0,0,0,-0.0016058,0.00480939,0.00730303,0.99996,0,0,0
795,0.0383706,0.0462691,0.0260153,0,0,0,-0.00159651,0.00479454,0.00734069,0.99996,0,0,0
796,0.0383706,0.0462691,0.0260153,0,0,0,-0.00159651,0.00479454,0.00734069,0.99996,0,0,0
797,0.0540775,0.0495435,0.00309563,0,0,0,-0.00160335,0.00479355,0.00735093,0.99996,0,0,0
798,0.0293419,0.0941178,0.0306149,0,0,0,-0.00160108,0.00480971,0.00735722,0.99996,0,0,0
799,0.0365101,0.101898,-0.00413418,0,0,0,-0.00172316,0.00482201,0.00730919,0.99996,0,0,0
800,0.0449512,0.0774741,-0.00739956,0,0,0,-0.00173882,0.0048449,0.00732193,0.99996,0,0,0
801,0.0356315,0.0404047,0.0350828,0,0,0,-0.00173622,0.00485596,0.00732299,0.99996,0,0,0
802,0.0527929,0.0448693,0.0135622,0,0,0,-0.0017319,0.00484534,0.00732557,0.99996,0,0,0
803,0.0176206,0.0596443,0.0014658,0,0,0,-0.00171456,0.00482409,0.00736852,0.99996,0,0,0
804,0.0176206,0.0596443,0.0014658,0,0,0,-0.00171456,0.00482409,0.00736852,0.99996,0,0,0
805,0.0056905,0.0780604,0.0365753,0,0,0,-0.00173048,0.00484493,0.00736899,0.99996,0,0,0
806,0.0192346,0.0778976,0.0283909,0,0,0,-0.0017549,0.00483985,0.00736546,0.99996,0,0,0
807,0.0488332,0.0505447,0.0126305,0,0,0,-0.00174439,0.00483993,0.00734815,0.99996,0,0,0
808,0.0193889,0.0760581,0.0127459,0,0,0,-0.00176244,0.0048387,0.00734244,0.99996,0,0,0
809,0.0267907,0.0440872,-0.0123053,0,0,0,-0.00176129,0.00484383,0.00735313,0.99996,0,0,0
810,0.0322752,0.0490485,-3.62396e-05,0,0,0,-0.00175725,0.00484966,0.00734178,0.99996,0,0,0
811,0.0431575,0.0373592,0.0170116,0,0,0,-0.00181032,0.00488033,0.00727138,0.99996,0,0,0
812,0.0431575,0.0373592,0.0170116,0,0,0,-0.00181032,0.00488033,0.00727138,0.99996,0,0,0
813,0.0383125,0.0541708,0.0155497,0,0,0,-0.00180766,0.0048927,0.00727982,0.99996,0,0,0
814,0.0568949,0.0630393,0.0414314,0,0,0,-0.00181049,0.00491239,0.00728008,0.99996,0,0,0
815,0.0199091,0.0567336,0.0280342,0,0,0,-0.00189976,0.00492049,0.00725634,0.99996,0,0,0
816,0.0426377,0.0464439,-0.00342464,0,0,0,-0.00189976,0.00492049,0.00725634,0.99996,0,0,0
817,0.0465552,0.0679635,0.0239458,0,0,0,-0.00190831,0.00491713,0.00725217,0.99996,0,0,0
818,0.0348625,0.0726126,0.00456047,0,0,0,-0.00197195,0.00496661,0.00722837,0.99996,0,0,0
819,0.0392349,0.0716427,0.024931,0,0,0,-0.00197996,0.0049619,0.00726179,0.999959,0,0,0
820,0.0392349,0.0716427,0.024931,0,0,0,-0.00197996,0.0049619,0.00726179,0.999959,0,0,0
821,0.026932,0.0808182,0.0121775,0,0,0,-0.00197992,0.00496627,0.00728829,0.999959,0,0,0
822,0.034139,0.0865841,0.00829887,0,0,0,-0.00196138,0.00495485,0.00730595,0.999959,0,0,0
823,0.0214206,0.0788791,0.0169859,0,0,0,-0.00199565,0.00499885,0.00729498,0.999959,0,0,0
824,0.0214206,0.0788791,0.0169859,0,0,0,-0.00199565,0.00499885,0.00729498,0.999959,0,0,0
825,0.0295862,0.0872323,-0.0149107,0,0,0,-0.00199974,0.0050076,0.00729599,0.999959,0,0,0
826,0.0161714,0.0971608,0.000330925,0,0,0,-0.00197799,0.00502574,0.00725311,0.999959,0,0,0
827,0.0161714,0.0971608,0.000330925,0,0,0,-0.00197799,0.00502574,0.00725311,0.999959,0,0,0
828,0.0494208,0.0893087,0.0275974,0,0,0,-0.00198159,0.00502207,0.00728469,0.999959,0,0,0
829,0.0479246,0.0714999,-0.0121336,0,0,0,-0.00195017,0.00500376,0.00730329,0.999959,0,0,0
830,0.0458508,0.0533396,0.0245123,0,0,0,-0.00195233,0.00500499,0.00731433,0.999959,0,0,0
831,0.0390918,0.0736364,0.0159302,0,0,0,-0.00198192,0.00503152,0.00730415,0.999959,0,0,0
832,0.0390918,0.0736364,0.0159302,0,0,0,-0.00198192,0.00503152,0.00730415,0.999959,0,0,0
833,0.0378802,0.0795411,0.00736523,0,0,0,-0.00198289,0.00503187,0.00732594,0.999959,0,0,0
834,0.0309686,0.101069,0.0314922,0,0,0,-0.00199182,0.00502719,0.0073327,0.999959,0,0,0
835,0.0613076,0.0603757,0.00203323,0,0,0,-0.00202631,0.00507658,0.007287,0.999959,0,0,0
836,0.0433535,0.0809646,0.00588417,0,0,0,-0.0020395,0.00508701,0.00727323,0.999959,0,0,0
837,0.0543033,0.0821435,0.00719357,0,0,0,-0.00204154,0.00506848,0.00725208,0.999959,0,0,0
838,0.0443438,0.0754217,0.0239315,0,0,0,-0.00205205,0.0050811,0.00722282,0.999959,0,0,0
839,0.0569395,0.0638223,0.0181761,0,0,0,-0.00204445,0.00505832,0.00722539,0.999959,0,0,0
840,0.0569395,0.0638223,0.0181761,0,0,0,-0.00204445,0.00505832,0.00722539,0.999959,0,0,0
841,0.0518151,0.0694114,0.00585938,0,0,0,-0.0020558,0.00506127,0.00723158,0.999959,0,0,0
842,0.0543004,0.0498941,0.00974369,0,0,0,-0.0020476,0.00505201,0.00725708,0.999959,0,0,0
843,0.0317877,0.0564807,-0.00621891,0,0,0,-0.00217897,0.00507297,0.00728927,0.999958,0,0,0
844,0.0317877,0.0564807,-0.00621891,0,0,0,-0.00217897,0.00507297,0.00728927,0.999958,0,0,0
845,0.0281687,0.0726239,0.016964,0,0,0,-0.00219185,0.00507772,0.00730333,0.999958,0,0,0
846,0.0354368,0.0624923,0.0321321,0,0,0,-0.00218612,0.00505524,0.00731129,0.999958,0,0,0
847,0.0263624,0.0478971,0.0228357,0,0,0,-0.00222485,0.00517198,0.00723292,0.999958,0,0,0
848,0.0465736,0.0584516,0.0112047,0,0,0,-0.00221796,0.00518487,0.00724604,0.999958,0,0,0
849,0.0608378,0.053557,0.0149012,0,0,0,-0.00221928,0.00518322,0.00726296,0.999958,0,0,0
850,0.0321117,0.0526802,0.0237017,0,0,0,-0.00221127,0.00517932,0.0072727,0.999958,0,0,0
851,0.0429145,0.0680709,0.0315685,0,0,0,-0.00230831,0.00517342,0.00726943,0.999958,0,0,0
852,0.0429145,0.0680709,0.0315685,0,0,0,-0.00230831,0.00517342,0.00726943,0.999958,0,0,0
853,0.0406974,0.0759822,0.0177841,0,0,0,-0.00230645,0.00516273,0.00728683,0.999957,0,0,0
854,0.0349591,0.0671561,0.0278559,0,0,0,-0.002303,0.0051553,0.00728891,0.999958,0,0,0
855,0.0454959,0.0589076,0.0102577,0,0,0,-0.00229333,0.00516771,0.00726963,0.999958,0,0,0
856,0.030826,0.078591,0.0202389,0,0,0,-0.00230177,0.0051877,0.00728935,0.999957,0,0,0
857,0.0271544,0.0872646,0.00883102,0,0,0,-0.00229555,0.00517577,0.00730566,0.999957,0,0,0
858,0.0355992,0.098117,0.00916481,0,0,0,-0.00224926,0.00523787,0.00718845,0.999958,0,0,0
859,0.0491639,0.0895424,0.0152683,0,0,0,-0.00223755,0.00524106,0.00719668,0.999958,0,0,0
860,0.0491639,0.0895424,0.0152683,0,0,0,-0.00223755,0.00524106,0.00719668,0.999958,0,0,0
861,0.0274969,0.0938802,0.0187712,0,0,0,-0.00223624,0.0052456,0.00720561,0.999958,0,0,0
862,0.045972,0.0692555,0.0358238,0,0,0,-0.0022253,0.00524678,0.00721037,0.999958,0,0,0
863,0.0385478,0.0947161,0.00347137,0,0,0,-0.00224549,0.0051772,0.00729456,0.999957,0,0,0
864,0.0365832,0.0900154,0.0129881,0,0,0,-0.00224328,0.00515353,0.00731853,0.999957,0,0,0
865,0.0345414,0.0913798,0.0267715,0,0,0,-0.00224041,0.00514477,0.0073206,0.999957,0,0,0
866,0.0453266,0.0705909,0.0253773,0,0,0,-0.0022445,0.00516213,0.0073087,0.999957,0,0,0
867,0.0175262,0.117857,0.025816,0,0,0,-0.00224335,0.00516223,0.00733196,0.999957,0,0,0
868,0.0175262,0.117857,0.025816,0,0,0,-0.00224335,0.00516223,0.00733196,0.999957,0,0,0
869,0.0389836,0.0890834,0.0177298,0,0,0,-0.00223842,0.00517951,0.00733705,0.999957,0,0,0
870,0.0597305,0.0656373,0.0205278,0,0,0,-0.00223121,0.00520153,0.00732193,0.999957,0,0,0
871,0.045467,0.0594706,0.00218678,0,0,0,-0.00228832,0.00511227,0.00741023,0.999957,0,0,0
872,0.045467,0.0594706,0.00218678,0,0,0,-0.00228832,0.00511227,0.00741023,0.999957,0,0,0
873,0.0347159,0.0769844,0.00787258,0,0,0,-0.00227763,0.00512517,0.00740976,0.999957,0,0,0
874,0.0363968,0.0740893,0.0140429,0,0,0,-0.00228887,0.00514757,0.00740988,0.999957,0,0,0
875,-0.00113215,0.0749118,0.0267057,0,0,0,-0.0023425,0.00515259,0.00741379,0.999957,0,0,0
876,0.025925,0.0583907,0.0161295,0,0,0,-0.00233967,0.00516057,0.00743508,0.999956,0,0,0
877,0.0459997,0.0505006,-0.00677299,0,0,0,-0.00232574,0.00517028,0.00743683,0.999956,0,0,0
878,0.0459997,0.0505006,-0.00677299,0,0,0,-0.00232574,0.00517028,0.00743683,0.999956,0,0,0
879,0.0389672,0.0750052,0.0206718,0,0,0,-0.00226379,0.00519571,0.00736781,0.999957,0,0,0
880,0.0252818,0.0829359,0.0449362,0,0,0,-0.00225848,0.00520381,0.00737672,0.999957,0,0,0
881,0.0365861,0.0592458,0.0146093,0,0,0,-0.00225095,0.00519224,0.00736323,0.999957,0,0,0
882,0.0365861,0.0592458,0.0146093,0,0,0,-0.00225095,0.00519224,0.00736323,0.999957,0,0,0
883,0.0341399,0.0806432,0.0173492,0,0,0,-0.00225267,0.00520059,0.0073613,0.999957,0,0,0
884,0.0248039,0.0531805,0.0266218,0,0,0,-0.00223171,0.00521505,0.00738354,0.999957,0,0,0
885,0.0495636,0.0781962,0.0058403,0,0,0,-0.00222517,0.00522145,0.00739784,0.999956,0,0,0
886,0.0425209,0.0699118,0.0178156,0,0,0,-0.00224387,0.00525763,0.00731977,0.999957,0,0,0
887,0.0196957,0.0833198,0.0217476,0,0,0,-0.00224157,0.00525049,0.00733319,0.999957,0,0,0
888,0.0196957,0.0833198,0.0217476,0,0,0,-0.00224157,0.00525049,0.00733319,0.999957,0,0,0
889,0.0360582,0.0767931,0.029233,0,0,0,-0.00225352,0.00525989,0.00732621,0.999957,0,0,0
890,0.0219206,0.111724,0.0409889,0,0,0,-0.00225361,0.00523652,0.00733677,0.999957,0,0,0
891,0.0438311,0.0848976,0.0272093,0,0,0,-0.00224804,0.0052597,0.0073218,0.999957,0,0,0
892,0.0354956,0.0800653,-0.00305271,0,0,0,-0.00224412,0.00525045,0.00732014,0.999957,0,0,0
893,0.0562244,0.0717579,0.0290642,0,0,0,-0.00224334,0.00524295,0.00733225,0.999957,0,0,0
894,0.0273114,0.0693645,0.0260286,0,0,0,-0.00232738,0.0052729,0.00729582,0.999957,0,0,0
895,0.0554604,0.0782991,9.53674e-05,0,0,0,-0.00233837,0.00529333,0.00728527,0.999957,0,0,0
896,0.0554604,0.0782991,9.53674e-05,0,0,0,-0.00233837,0.00529333,0.00728527,0.999957,0,0,0
897,0.0706692,0.0512453,0.0153055,0,0,0,-0.0023366,0.00527368,0.007294,0.999957,0,0,0
898,0.0244592,0.0976696,0.0273008,0,0,0,-0.00233498,0.00526573,0.00729673,0.999957,0,0,0
899,0.0560963,0.0518548,0.0163832,0,0,0,-0.002347,0.00535697,0.00718023,0.999957,0,0,0
900,0.0560963,0.0518548,0.0163832,0,0,0,-0.002347,0.00535697,0.00718023,0.999957,0,0,0
901,0.0522407,0.0592662,0.00831223,0,0,0,-0.00236545,0.00535616,0.00719235,0.999957,0,0,0
902,0.0323978,0.0933774,-0.0135221,0,0,0,-0.00240044,0.00540091,0.00714894,0.999957,0,0,0
903,0.0323978,0.0933774,-0.0135221,0,0,0,-0.00240044,0.00540091,0.00714894,0.999957,0,0,0
904,0.0488271,0.0613176,0.0111837,0,0,0,-0.00237818,0.00539092,0.00717188,0.999957,0,0,0
905,0.0395756,0.107974,0.0228348,0,0,0,-0.00239858,0.00540263,0.00720933,0.999957,0,0,0
906,0.0395756,0.107974,0.0228348,0,0,0,-0.00239858,0.00540263,0.00720933,0.999957,0,0,0
907,0.0555788,0.0773048,0.0399599,0,0,0,-0.00241858,0.00541463,0.00720413,0.999956,0,0,0
908,0.0490759,0.0834647,0.00346279,0,0,0,-0.00242357,0.00542332,0.00721442,0.999956,0,0,0
909,0.0665957,0.0935902,0.010334,0,0,0,-0.00240169,0.00541203,0.00723912,0.999956,0,0,0
910,0.0474453,0.0803082,0.0139208,0,0,0,-0.00240169,0.00541203,0.00723912,0.999956,0,0,0
911,0.0692969,0.038017,-0.00214195,0,0,0,-0.00236335,0.00543511,0.00721339,0.999957,0,0,0
912,0.0287483,0.0829028,0.00935078,0,0,0,-0.00235036,0.00543458,0.00722939,0.999956,0,0,0
913,0.0407357,0.109891,-0.00989342,0,0,0,-0.00234286,0.00544741,0.007218,0.999956,0,0,0
914,0.0482449,0.100394,0.00764561,0,0,0,-0.00234896,0.00552846,0.00710813,0.999957,0,0,0
915,0.0472993,0.0736395,0.0163488,0,0,0,-0.00234319,0.00552039,0.00712484,0.999957,0,0,0
916,0.0472993,0.0736395,0.0163488,0,0,0,-0.00234319,0.00552039,0.00712484,0.999957,0,0,0
917,0.0527344,0.0779623,0.0191221,0,0,0,-0.00233161,0.00551135,0.0071263,0.999957,0,0,0
918,0.0493488,0.0510268,0.00462055,0,0,0,-0.00230334,0.00551634,0.00713378,0.999957,0,0,0
919,0.0396768,0.0641824,0.0302496,0,0,0,-0.00225208,0.00553169,0.00706957,0.999957,0,0,0
920,0.0571321,0.0524238,0.00119972,0,0,0,-0.00223662,0.00551371,0.00708319,0.999957,0,0,0
921,0.0229096,0.0654239,0.0185471,0,0,0,-0.0022398,0.00551068,0.00708877,0.999957,0,0,0
922,0.0597555,0.0664977,0.0324001,0,0,0,-0.00219328,0.00551743,0.00706252,0.999957,0,0,0
923,0.0597555,0.0664977,0.0324001,0,0,0,-0.00219328,0.00551743,0.00706252,0.999957,0,0,0
924,0.0262693,0.0556322,0.0147724,0,0,0,-0.00221596,0.00552124,0.00708466,0.999957,0,0,0
925,0.0301539,0.0792258,0.0297747,0,0,0,-0.00224086,0.00553415,0.00710888,0.999957,0,0,0
926,0.0301539,0.0792258,0.0297747,0,0,0,-0.00224086,0.00553415,0.00710888,0.999957,0,0,0
927,0.0290121,0.0712627,0.00136662,0,0,0,-0.00226394,0.00548331,0.00715177,0.999957,0,0,0
928,0.0235014,0.0733686,0.0080595,0,0,0,-0.00226006,0.00549877,0.00718428,0.999957,0,0,0
929,0.066277,0.0653523,0.0242844,0,0,0,-0.00227009,0.00551024,0.00718658,0.999957,0,0,0
930,0.0504883,0.084547,0.032856,0,0,0,-0.00228275,0.00551561,0.00719683,0.999956,0,0,0
931,0.0531097,0.0710004,0.0153666,0,0,0,-0.00229391,0.00553413,0.00718495,0.999956,0,0,0
932,0.0447538,0.0671783,0.00503922,0,0,0,-0.00228908,0.00554494,0.00719097,0.999956,0,0,0
933,0.0337511,0.0768871,0.0283346,0,0,0,-0.00228972,0.00555485,0.00721788,0.999956,0,0,0
934,0.0506149,0.0929981,0.00434971,0,0,0,-0.0022952,0.0055629,0.00722073,0.999956,0,0,0
935,0.048844,0.0915305,0.016221,0,0,0,-0.00238072,0.00560265,0.00721872,0.999955,0,0,0
936,0.048844,0.0915305,0.016221,0,0,0,-0.00238072,0.00560265,0.00721872,0.999955,0,0,0
937,0.0421619,0.0928869,0.0352745,0,0,0,-0.00235137,0.00561179,0.00722063,0.999955,0,0,0
938,0.0822186,0.051405,0.0033474,0,0,0,-0.0023754,0.0056217,0.00721348,0.999955,0,0,0
939,0.0568329,0.0611941,0.0329399,0,0,0,-0.00236545,0.00552539,0.00731193,0.999955,0,0,0
940,0.0604891,0.0815556,0.024704,0,0,0,-0.00236986,0.00550343,0.00731937,0.999955,0,0,0
941,0.055329,0.0680984,0.0238895,0,0,0,-0.00235766,0.00549903,0.00733589,0.999955,0,0,0
942,0.0489365,0.0626924,0.0163946,0,0,0,-0.00237815,0.00549114,0.00734943,0.999955,0,0,0
943,0.0491199,0.0726812,0.0353184,0,0,0,-0.00230654,0.00545126,0.00735566,0.999955,0,0,0
944,0.0491199,0.0726812,0.0353184,0,0,0,-0.00230654,0.00545126,0.00735566,0.999955,0,0,0
945,0.0600615,0.0988376,0.00657177,0,0,0,-0.00232258,0.00546167,0.00735947,0.999955,0,0,0
946,0.047328,0.0951091,-0.00844574,0,0,0,-0.00233023,0.00548815,0.0073541,0.999955,0,0,0
947,0.0695626,0.0660871,0.0251932,0,0,0,-0.00229073,0.00548236,0.0073422,0.999955,0,0,0
948,0.0437941,0.0895977,0.00537682,0,0,0,-0.00228027,0.00548245,0.0073487,0.999955,0,0,0
949,0.0362955,0.0889988,0.023015,0,0,0,-0.00227113,0.00548731,0.00733515,0.999955,0,0,0
950,0.0270611,0.0843674,0.00415993,0,0,0,-0.00221836,0.00551036,0.00729711,0.999956,0,0,0
951,0.0136719,0.0952457,-0.00384331,0,0,0,-0.00221641,0.00550454,0.00731093,0.999956,0,0,0
952,0.0136719,0.0952457,-0.00384331,0,0,0,-0.00221641,0.00550454,0.00731093,0.999956,0,0,0
953,0.0293686,0.0790388,-0.0119658,0,0,0,-0.00220414,0.00549998,0.0073272,0.999956,0,0,0
954,0.0406138,0.0685119,-0.0124846,0,0,0,-0.00219868,0.00550993,0.00733686,0.999955,0,0,0
955,0.0329167,0.0833447,0.0159779,0,0,0,-0.00218078,0.00552211,0.00734648,0.999955,0,0,0
956,0.0329167,0.0833447,0.0159779,0,0,0,-0.00218078,0.00552211,0.00734648,0.999955,0,0,0
957,0.0312029,0.0957075,0.0211325,0,0,0,-0.00217932,0.0055131,0.00734177,0.999955,0,0,0
958,0.0501404,0.0750464,0.0329275,0,0,0,-0.00217821,0.0054917,0.00735974,0.999955,0,0,0
959,0.0501404,0.0750464,0.0329275,0,0,0,-0.00217821,0.0054917,0.00735974,0.999955,0,0,0
960,0.0483176,0.0793856,0.00586128,0,0,0,-0.00220391,0.00548424,0.00736329,0.999955,0,0,0
961,0.0492144,0.0559585,0.0178785,0,0,0,-0.00216958,0.00551038,0.00735739,0.999956,0,0,0
962,0.0492144,0.0559585,0.0178785,0,0,0,-0.00216958,0.00551038,0.00735739,0.999956,0,0,0
963,0.0500085,0.0640002,0.0182714,0,0,0,-0.00218356,0.00548572,0.00733637,0.999956,0,0,0
964,0.0266515,0.0816385,0.0174532,0,0,0,-0.00218303,0.00548225,0.00736899,0.999955,0,0,0
965,0.032754,0.0709243,0.028842,0,0,0,-0.00216855,0.0054668,0.00739618,0.999955,0,0,0
966,0.0638636,0.066015,0.0176506,0,0,0,-0.00216849,0.00545464,0.00739804,0.999955,0,0,0
967,0.0659192,0.0329538,0.0168781,0,0,0,-0.00207591,0.00549627,0.007337,0.999956,0,0,0
968,0.0537733,0.067567,0.00304317,0,0,0,-0.00206131,0.00549887,0.00733271,0.999956,0,0,0
969,0.0607788,0.0638551,-0.00506592,0,0,0,-0.00208461,0.00550575,0.0073446,0.999956,0,0,0
970,0.05216,0.0688584,0.0300875,0,0,0,-0.00209451,0.00551473,0.00737528,0.999955,0,0,0
971,0.0238427,0.0501969,0.00771236,0,0,0,-0.00212628,0.00549279,0.00738646,0.999955,0,0,0
972,0.0238427,0.0501969,0.00771236,0,0,0,-0.00212628,0.00549279,0.00738646,0.999955,0,0,0
973,0.0675351,0.0510471,0.0158043,0,0,0,-0.00213025,0.00547525,0.00738312,0.999956,0,0,0
974,0.04256,0.0675707,0.0216579,0,0,0,-0.00213133,0.00546787,0.00738497,0.999956,0,0,0
975,0.0511262,0.0876182,-0.000845909,0,0,0,-0.0021587,0.00549111,0.00739631,0.999955,0,0,0
976,0.0750325,0.0604959,0.00287724,0,0,0,-0.00215293,0.00549553,0.0074232,0.999955,0,0,0
977,0.0525419,0.0863206,-0.00321198,0,0,0,-0.00213426,0.00549328,0.00743737,0.999955,0,0,0
978,0.0352828,0.10363,-0.00931263,0,0,0,-0.00213258,0.00550693,0.00745781,0.999955,0,0,0
979,0.0432664,0.0690356,0.0226021,0,0,0,-0.00222368,0.00552234,0.00742536,0.999955,0,0,0
980,0.0432664,0.0690356,0.0226021,0,0,0,-0.00222368,0.00552234,0.00742536,0.999955,0,0,0
981,0.0541556,0.0723115,0.0395393,0,0,0,-0.00220783,0.00550748,0.00743814,0.999955,0,0,0
982,0.0533156,0.0855727,0.0252295,0,0,0,-0.00219783,0.00550386,0.00744523,0.999955,0,0,0
983,0.0543202,0.0535368,0.00169849,0,0,0,-0.00218853,0.00550031,0.00743282,0.999955,0,0,0
984,0.0762009,0.0641324,0.0222979,0,0,0,-0.00217964,0.00549272,0.00744265,0.999955,0,0,0
985,0.0571946,0.0863168,0.00195312,0,0,0,-0.00217017,0.00550229,0.00746786,0.999955,0,0,0
986,0.0571364,0.0770053,0.02952,0,0,0,-0.00216781,0.00549416,0.00747764,0.999955,0,0,0
987,0.0485415,0.0728988,0.0149126,0,0,0,-0.00219191,0.0055073,0.00747447,0.999955,0,0,0
988,0.0485415,0.0728988,0.0149126,0,0,0,-0.00219191,0.0055073,0.00747447,0.999955,0,0,0
989,0.0236018,0.110539,0.0130491,0,0,0,-0.00218932,0.00551089,0.00749292,0.999954,0,0,0
990,0.0547723,0.0595916,0.00828934,0,0,0,-0.00219635,0.00549954,0.00750896,0.999954,0,0,0
991,0.0480586,0.0571561,0.0136032,0,0,0,-0.00217761,0.00553039,0.00745696,0.999955,0,0,0
992,0.0604803,0.0702181,-0.00178242,0,0,0,-0.00219393,0.00551756,0.00747173,0.999954,0,0,0
993,0.054756,0.0786064,0.03617,0,0,0,-0.00219878,0.00551401,0.00747616,0.999954,0,0,0
994,0.042445,0.0880226,0.0267611,0,0,0,-0.00219873,0.00553865,0.00744838,0.999955,0,0,0
995,0.0572284,0.0572177,0.0149326,0,0,0,-0.00219448,0.00554049,0.00744622,0.999955,0,0,0
996,0.0572284,0.0572177,0.0149326,0,0,0,-0.00219448,0.00554049,0.00744622,0.999955,0,0,0
997,0.0552455,0.0446456,0.0074358,0,0,0,-0.00217894,0.00555732,0.00745631,0.999954,0,0,0
998,0.064081,0.0626405,0.0209999,0,0,0,-0.00215489,0.0055542,0.0074875,0.999954,0,0,0
999,0.0388701,0.065644,0.0198097,0,0,0,-0.00226178,0.00557755,0.00747786,0.999954,0,0,0
1000,0.0236786,0.109273,0.0239744,0,0,0,-0.00226882,0.0055796,0.0075034,0.999954,0,0,0
